pl_name,disc_pubdate
11 Com b,2008-01
11 UMi b,2009-10
14 And b,2008-12
14 Her b,2003-01
16 Cyg B b,1997-07
18 Del b,2008-06
1RXS J160929.1-210524 b,2008-12
24 Boo b,2018-08
24 Sex b,2011-01
24 Sex c,2011-01
2MASS J01033563-5515561 AB b,2013-05
2MASS J01225093-2439505 b,2013-09
2MASS J02192210-3925225 b,2015-06
2MASS J04414489+2301513 b,2010-05
2MASS J12073346-3932539 b,2004-10
2MASS J19383260+4603591 b,2015-05
2MASS J21402931+1625183 A b,2010-03
2MASS J22362452+4751425 b,2017-01
30 Ari B b,2009-12
4 UMa b,2007-09
42 Dra b,2009-06
47 UMa b,1996-06
47 UMa c,2002-01
47 UMa d,2010-04
51 Eri b,2015-00
51 Peg b,1995-11
55 Cnc b,1997-01
55 Cnc c,2004-10
55 Cnc d,2002-12
55 Cnc e,2004-10
55 Cnc f,2008-03
6 Lyn b,2008-12
61 Vir b,2010-01
61 Vir c,2010-01
61 Vir d,2010-01
7 CMa b,2011-12
7 CMa c,2019-11
70 Vir b,1996-06
75 Cet b,2012-12
8 UMi b,2015-12
81 Cet b,2008-12
91 Aqr b,2013-07
AB Pic b,2005-08
AU Mic b,2020-06
BD+03 2562 b,2017-10
BD+14 4559 b,2009-12
BD+15 2375 b,2016-04
BD+15 2940 b,2013-06
BD+20 2457 b,2009-12
BD+20 2457 c,2009-12
BD+20 274 b,2012-09
BD+20 594 b,2016-10
BD+48 738 b,2012-01
BD+48 740 b,2018-05
BD+49 828 b,2015-04
BD-06 1339 b,2013-03
BD-06 1339 c,2013-03
BD-08 2823 b,2010-03
BD-08 2823 c,2010-03
BD-10 3166 b,2000-12
BD-11 4672 b,2015-04
BD-11 4672 c,2020-06
BD-13 2130 b,2007-09
BD-17 63 b,2009-03
CFBDSIR J145829+101343 b,2011-10
CHXR 73 b,2006-10
CI Tau b,2019-06
CT Cha b,2008-11
CoRoT-1 b,2008-05
CoRoT-10 b,2010-09
CoRoT-11 b,2010-12
CoRoT-12 b,2010-09
CoRoT-13 b,2010-11
CoRoT-14 b,2011-04
CoRoT-16 b,2012-05
CoRoT-17 b,2011-07
CoRoT-18 b,2011-09
CoRoT-19 b,2012-01
CoRoT-2 b,2008-05
CoRoT-20 b,2012-02
CoRoT-20 c,2018-07
CoRoT-21 b,2012-09
CoRoT-22 b,2014-08
CoRoT-23 b,2012-01
CoRoT-24 b,2014-07
CoRoT-24 c,2014-07
CoRoT-25 b,2013-07
CoRoT-26 b,2013-07
CoRoT-27 b,2014-02
CoRoT-28 b,2015-07
CoRoT-29 b,2015-07
CoRoT-3 b,2008-12
CoRoT-30 b,2020-03
CoRoT-31 b,2020-03
CoRoT-4 b,2008-09
CoRoT-5 b,2009-10
CoRoT-6 b,2010-03
CoRoT-7 b,2009-10
CoRoT-7 c,2009-10
CoRoT-8 b,2010-09
CoRoT-9 b,2010-03
CoRoTID 223977153 b,2018-01
DE CVn b,2018-11
DENIS-P J082303.1-491201 b,2013-08
DH Tau b,2005-02
DMPP-1 b,2019-12
DMPP-1 c,2019-12
DMPP-1 d,2019-12
DMPP-1 e,2019-12
DMPP-2 b,2019-12
DMPP-3 A b,2019-12
DP Leo b,2010-01
DS Tuc A b,2019-07
EPIC 201170410.02,2020-08
EPIC 201238110 b,2019-07
EPIC 201497682 b,2019-07
EPIC 201615463 c,2019-07
EPIC 201754305 d,2019-07
EPIC 201757695.02,2020-08
EPIC 201833600 c,2019-07
EPIC 201841433 b,2019-07
EPIC 205950854 c,2019-07
EPIC 206024342 b,2019-07
EPIC 206032309 b,2019-07
EPIC 206042996 b,2019-07
EPIC 206215704 b,2019-07
EPIC 206317286 b,2019-07
EPIC 211822797 b,2017-02
EPIC 211945201 b,2018-07
EPIC 212297394 b,2019-07
EPIC 212424622 b,2019-07
EPIC 212499991 b,2019-07
EPIC 212587672 b,2019-07
EPIC 212737443 b,2019-09
EPIC 212737443 c,2019-09
EPIC 220554210 c,2019-07
EPIC 220674823 b,2017-02
EPIC 220674823 c,2017-02
EPIC 246851721 b,2018-12
EPIC 248847494 b,2018-07
EPIC 249893012 b,2020-04
EPIC 249893012 c,2020-04
EPIC 249893012 d,2020-04
FU Tau b,2009-02
G 9-40 b,2020-03
GJ 1061 b,2020-03
GJ 1061 c,2020-03
GJ 1061 d,2020-03
GJ 1132 b,2015-11
GJ 1132 c,2017-10
GJ 1148 b,2010-05
GJ 1148 c,2018-02
GJ 1214 b,2009-12
GJ 1252 b,2020-02
GJ 1265 b,2018-12
GJ 143 b,2019-02
GJ 15 A b,2014-10
GJ 15 A c,2018-09
GJ 160.2 b,2014-06
GJ 163 b,2013-08
GJ 163 c,2013-08
GJ 163 d,2013-08
GJ 179 b,2010-10
GJ 180 b,2014-06
GJ 180 c,2014-06
GJ 180 d,2020-01
GJ 2056 b,2020-08
GJ 229 A c,2020-01
GJ 229 b,2014-06
GJ 27.1 b,2014-06
GJ 273 b,2017-06
GJ 273 c,2017-06
GJ 3021 b,2001-08
GJ 3082 b,2020-01
GJ 3138 b,2017-06
GJ 3138 c,2017-06
GJ 3138 d,2017-06
GJ 317 b,2007-11
GJ 317 c,2016-04
GJ 328 b,2013-09
GJ 3293 b,2015-03
GJ 3293 c,2015-03
GJ 3293 d,2017-06
GJ 3293 e,2017-06
GJ 3323 b,2017-06
GJ 3323 c,2017-06
GJ 3341 b,2015-03
GJ 338 B b,2020-05
GJ 3470 b,2012-10
GJ 3473 b,2020-09
GJ 3473 c,2020-09
GJ 3512 b,2019-09
GJ 357 b,2019-08
GJ 357 c,2019-08
GJ 357 d,2019-08
GJ 3634 b,2011-04
GJ 3779 b,2018-12
GJ 3942 b,2017-12
GJ 3998 b,2016-10
GJ 3998 c,2016-10
GJ 411 b,2019-05
GJ 422 b,2014-06
GJ 4276 b,2019-02
GJ 433 b,2013-01
GJ 433 c,2014-06
GJ 433 d,2020-01
GJ 436 b,2004-12
GJ 480 b,2020-08
GJ 504 b,2013-09
GJ 536 b,2017-01
GJ 581 b,2005-12
GJ 581 c,2007-07
GJ 581 e,2009-11
GJ 625 b,2017-09
GJ 649 b,2010-02
GJ 667 C b,2013-01
GJ 667 C c,2013-01
GJ 667 C e,2013-08
GJ 667 C f,2013-08
GJ 667 C g,2013-08
GJ 674 b,2007-10
GJ 676 A b,2011-02
GJ 676 A c,2016-11
GJ 676 A d,2012-12
GJ 676 A e,2012-12
GJ 682 b,2014-06
GJ 682 c,2014-06
GJ 685 b,2019-05
GJ 687 b,2014-07
GJ 687 c,2020-08
GJ 832 b,2009-01
GJ 832 c,2014-08
GJ 849 b,2006-12
GJ 86 b,2000-02
GJ 876 b,1998-10
GJ 876 c,2001-07
GJ 876 d,2005-11
GJ 876 e,2010-08
GJ 887 b,2020-06
GJ 887 c,2020-06
GJ 9066 b,2020-08
GJ 9066 c,2020-08
GJ 96 b,2018-10
GJ 9827 b,2017-12
GJ 9827 c,2017-12
GJ 9827 d,2017-12
GQ Lup b,2005-05
GSC 06214-00210 b,2011-01
GU Psc b,2014-05
Gl 378 b,2019-05
Gl 49 b,2019-04
Gl 686 b,2019-02
HAT-P-1 b,2007-02
HAT-P-11 b,2010-02
HAT-P-11 c,2018-06
HAT-P-12 b,2009-11
HAT-P-13 b,2009-12
HAT-P-13 c,2009-12
HAT-P-14 b,2010-05
HAT-P-15 b,2010-12
HAT-P-16 b,2010-09
HAT-P-17 b,2012-04
HAT-P-17 c,2012-04
HAT-P-18 b,2011-01
HAT-P-19 b,2011-01
HAT-P-2 b,2007-11
HAT-P-20 b,2011-12
HAT-P-21 b,2011-12
HAT-P-22 b,2011-12
HAT-P-23 b,2011-12
HAT-P-24 b,2010-12
HAT-P-25 b,2012-01
HAT-P-26 b,2011-02
HAT-P-27 b,2011-06
HAT-P-28 b,2011-06
HAT-P-29 b,2011-06
HAT-P-3 b,2007-09
HAT-P-30 b,2011-07
HAT-P-31 b,2011-09
HAT-P-32 b,2011-11
HAT-P-33 b,2011-11
HAT-P-34 b,2012-07
HAT-P-35 b,2012-07
HAT-P-36 b,2012-07
HAT-P-37 b,2012-07
HAT-P-38 b,2012-10
HAT-P-39 b,2012-11
HAT-P-4 b,2007-11
HAT-P-40 b,2012-11
HAT-P-41 b,2012-11
HAT-P-42 b,2013-10
HAT-P-43 b,2013-10
HAT-P-44 b,2014-06
HAT-P-44 c,2014-06
HAT-P-45 b,2014-06
HAT-P-46 b,2014-06
HAT-P-49 b,2014-04
HAT-P-5 b,2007-12
HAT-P-50 b,2015-12
HAT-P-51 b,2015-12
HAT-P-52 b,2015-12
HAT-P-53 b,2015-12
HAT-P-54 b,2015-04
HAT-P-55 b,2015-09
HAT-P-56 b,2015-09
HAT-P-57 b,2015-12
HAT-P-6 b,2008-01
HAT-P-65 b,2016-12
HAT-P-66 b,2016-12
HAT-P-67 b,2017-05
HAT-P-68 b,2020-10
HAT-P-69 b,2019-10
HAT-P-7 b,2008-06
HAT-P-70 b,2019-10
HAT-P-8 b,2009-10
HAT-P-9 b,2009-01
HATS-1 b,2013-01
HATS-10 b,2015-07
HATS-11 b,2016-10
HATS-12 b,2016-10
HATS-13 b,2015-08
HATS-14 b,2015-08
HATS-15 b,2016-07
HATS-16 b,2016-07
HATS-17 b,2016-04
HATS-18 b,2016-11
HATS-2 b,2013-10
HATS-22 b,2017-06
HATS-23 b,2017-06
HATS-24 b,2017-06
HATS-25 b,2016-10
HATS-26 b,2016-10
HATS-27 b,2016-10
HATS-28 b,2016-10
HATS-29 b,2016-10
HATS-3 b,2013-11
HATS-30 b,2016-10
HATS-31 b,2016-12
HATS-32 b,2016-12
HATS-33 b,2016-12
HATS-34 b,2016-12
HATS-35 b,2016-12
HATS-36 b,2018-03
HATS-37 A b,2020-07
HATS-38 b,2020-07
HATS-39 b,2018-07
HATS-4 b,2014-08
HATS-40 b,2018-07
HATS-41 b,2018-07
HATS-42 b,2018-07
HATS-43 b,2018-03
HATS-44 b,2018-03
HATS-45 b,2018-03
HATS-46 b,2018-03
HATS-47 b,2020-04
HATS-48 A b,2020-04
HATS-49 b,2020-04
HATS-5 b,2014-06
HATS-50 b,2018-02
HATS-51 b,2018-02
HATS-52 b,2018-02
HATS-53 b,2018-02
HATS-54 b,2019-08
HATS-55 b,2019-08
HATS-56 b,2019-08
HATS-57 b,2019-08
HATS-58 A b,2019-08
HATS-59 b,2018-11
HATS-59 c,2018-11
HATS-6 b,2015-05
HATS-60 b,2019-02
HATS-61 b,2019-02
HATS-62 b,2019-02
HATS-63 b,2019-02
HATS-64 b,2019-02
HATS-65 b,2019-02
HATS-66 b,2019-02
HATS-67 b,2019-02
HATS-68 b,2019-02
HATS-69 b,2019-02
HATS-7 b,2015-11
HATS-70 b,2019-01
HATS-71 b,2020-06
HATS-72 b,2020-04
HATS-8 b,2015-08
HATS-9 b,2015-07
HD 100546 b,2015-07
HD 100655 b,2012-04
HD 100777 b,2007-08
HD 10180 c,2011-04
HD 10180 d,2011-04
HD 10180 e,2011-04
HD 10180 f,2011-04
HD 10180 g,2011-04
HD 10180 h,2011-04
HD 101930 b,2005-07
HD 102117 b,2005-07
HD 102195 b,2006-09
HD 102272 b,2009-03
HD 102329 b,2011-12
HD 102329 c,2016-04
HD 102365 b,2011-02
HD 102843 b,2019-06
HD 102956 b,2010-10
HD 103197 b,2011-02
HD 103720 b,2015-04
HD 103774 b,2013-03
HD 103949 b,2019-06
HD 104067 b,2011-11
HD 10442 b,2015-01
HD 104985 b,2003-11
HD 106252 b,2002-05
HD 106270 b,2011-12
HD 106315 b,2017-06
HD 106315 c,2017-06
HD 10647 b,2006-07
HD 106515 A b,2013-03
HD 106906 b,2014-01
HD 10697 b,2000-06
HD 107148 b,2006-07
HD 108147 b,2002-06
HD 108236 b,2020-04
HD 108236 c,2020-04
HD 108236 d,2020-04
HD 108236 e,2020-04
HD 108236 f,2021-01
HD 108341 b,2015-04
HD 108863 b,2011-12
HD 108874 b,2003-01
HD 108874 c,2005-10
HD 109246 b,2010-11
HD 109271 b,2013-03
HD 109271 c,2013-03
HD 109749 b,2006-02
HD 110014 b,2009-09
HD 110113 b,2021-01
HD 110113 c,2021-01
HD 111232 b,2004-02
HD 111591 b,2018-02
HD 111998 b,2017-03
HD 113337 b,2014-01
HD 113538 b,2011-03
HD 113538 c,2011-03
HD 113996 b,2018-02
HD 114386 b,2004-02
HD 114613 b,2014-03
HD 114729 b,2003-01
HD 114762 b,1989-05
HD 114783 b,2002-03
HD 114783 c,2016-04
HD 11506 b,2007-11
HD 11506 c,2009-03
HD 116029 b,2011-12
HD 116029 c,2016-04
HD 117207 b,2005-01
HD 11755 b,2015-12
HD 117618 b,2005-04
HD 118203 b,2006-02
HD 11964 b,2006-07
HD 11964 c,2009-03
HD 11977 b,2005-07
HD 120084 b,2013-08
HD 121504 b,2004-02
HD 12484 b,2016-04
HD 125390 b,2019-04
HD 125595 b,2011-11
HD 125612 b,2007-11
HD 125612 c,2010-03
HD 125612 d,2010-03
HD 12648 b,2015-12
HD 126525 b,2018-08
HD 12661 b,2001-04
HD 12661 c,2003-04
HD 126614 b,2010-10
HD 128311 b,2003-01
HD 128311 c,2005-10
HD 128356 b,2017-04
HD 129445 b,2010-03
HD 130322 b,2000-04
HD 131496 b,2011-12
HD 131664 b,2009-03
HD 13167 b,2019-04
HD 13189 b,2005-07
HD 132406 b,2007-10
HD 132563 b,2011-09
HD 133131 A b,2016-12
HD 133131 A c,2016-12
HD 133131 B b,2016-12
HD 134060 b,2019-02
HD 134060 c,2019-02
HD 134987 b,2000-06
HD 134987 c,2010-04
HD 136352 b,2019-02
HD 136352 c,2019-02
HD 136352 d,2019-02
HD 136418 b,2010-05
HD 137388 b,2011-11
HD 13908 b,2014-03
HD 13908 c,2014-03
HD 13931 b,2010-10
HD 139357 b,2009-06
HD 1397 b,2019-03
HD 14067 b,2014-12
HD 141399 b,2014-06
HD 141399 c,2014-06
HD 141399 d,2014-06
HD 141399 e,2014-06
HD 141937 b,2002-07
HD 142 b,2002-05
HD 142 c,2012-07
HD 142022 A b,2006-03
HD 142245 b,2011-12
HD 142415 b,2004-02
HD 143105 b,2016-04
HD 143361 b,2009-03
HD 145377 b,2009-03
HD 145457 b,2010-08
HD 145934 b,2015-02
HD 1461 b,2010-01
HD 1461 c,2016-01
HD 147018 b,2010-02
HD 147018 c,2010-02
HD 147379 b,2018-02
HD 147513 b,2004-02
HD 14787 b,2019-04
HD 147873 b,2017-04
HD 147873 c,2017-04
HD 148156 b,2010-11
HD 148164 b,2018-11
HD 148164 c,2018-11
HD 148284 b,2018-11
HD 148427 b,2009-10
HD 149026 b,2005-11
HD 149143 b,2006-02
HD 1502 b,2011-12
HD 150706 b,2012-09
HD 152079 b,2010-03
HD 152581 b,2011-12
HD 15337 b,2019-05
HD 15337 c,2019-05
HD 153950 b,2009-03
HD 154345 b,2007-03
HD 154672 b,2008-11
HD 154857 b,2004-12
HD 154857 c,2014-03
HD 155233 b,2016-01
HD 155358 b,2007-08
HD 155358 c,2007-08
HD 156279 b,2012-02
HD 156279 c,2016-04
HD 156411 b,2010-11
HD 156668 b,2011-01
HD 156846 b,2008-03
HD 158038 b,2011-12
HD 158259 b,2020-04
HD 158259 c,2020-04
HD 158259 d,2020-04
HD 158259 e,2020-04
HD 158259 f,2020-04
HD 158996 b,2018-02
HD 159243 b,2014-03
HD 159243 c,2014-03
HD 159868 b,2007-05
HD 159868 c,2012-07
HD 1605 b,2015-06
HD 1605 c,2015-06
HD 160691 b,2001-07
HD 160691 c,2004-12
HD 160691 d,2004-10
HD 160691 e,2007-02
HD 16141 b,2000-06
HD 16175 b,2009-06
HD 162020 b,2002-07
HD 163607 b,2012-01
HD 163607 c,2012-01
HD 16417 b,2009-06
HD 164509 b,2012-01
HD 164595 b,2015-09
HD 164604 b,2010-03
HD 164922 b,2006-07
HD 164922 c,2016-10
HD 164922 d,2020-05
HD 165155 b,2017-04
HD 1666 b,2015-06
HD 166724 b,2013-03
HD 167042 b,2008-03
HD 168443 b,1999-07
HD 168443 c,2001-07
HD 168746 b,2002-06
HD 1690 b,2011-03
HD 169830 b,2001-08
HD 169830 c,2004-02
HD 170469 b,2007-11
HD 17092 b,2007-11
HD 171028 b,2007-11
HD 171238 b,2010-02
HD 17156 b,2007-11
HD 173416 b,2009-01
HD 175167 b,2010-03
HD 175541 b,2007-08
HD 175607 b,2016-01
HD 17674 b,2017-05
HD 176986 b,2018-04
HD 176986 c,2018-04
HD 177565 b,2017-10
HD 177830 b,2000-06
HD 177830 c,2011-02
HD 178911 B b,2002-03
HD 179079 b,2009-09
HD 179949 b,2001-04
HD 180053 b,2019-04
HD 18015 b,2019-04
HD 180314 b,2010-08
HD 180617 b,2018-10
HD 180902 b,2010-05
HD 181234 b,2019-05
HD 181342 b,2010-05
HD 181433 b,2009-03
HD 181433 c,2009-03
HD 181433 d,2009-03
HD 181720 b,2010-03
HD 183263 b,2005-01
HD 183263 c,2009-03
HD 185269 b,2006-12
HD 187085 b,2006-06
HD 187123 b,1998-12
HD 187123 c,2009-03
HD 18742 b,2011-12
HD 188015 b,2005-01
HD 189733 b,2005-12
HD 190007 b,2021-01
HD 190360 b,2003-11
HD 190360 c,2005-10
HD 190647 b,2007-08
HD 190984 b,2010-03
HD 191806 b,2016-07
HD 191939 b,2020-02
HD 191939 c,2020-02
HD 191939 d,2020-02
HD 192263 b,2000-04
HD 192310 b,2011-10
HD 192310 c,2011-10
HD 192699 b,2007-08
HD 195019 b,1999-01
HD 196050 b,2002-12
HD 196067 b,2013-03
HD 196885 A b,2008-02
HD 197037 b,2012-04
HD 19994 b,2004-02
HD 20003 b,2019-02
HD 20003 c,2019-02
HD 200964 b,2011-01
HD 200964 c,2011-01
HD 202206 c,2005-09
HD 202696 b,2019-03
HD 202696 c,2019-03
HD 202772 A b,2019-02
HD 203030 b,2006-11
HD 203473 b,2018-11
HD 2039 b,2003-04
HD 204313 b,2010-02
HD 204313 c,2016-01
HD 204941 b,2011-11
HD 205739 b,2008-11
HD 206255 b,2019-06
HD 206610 b,2010-05
HD 20781 b,2019-02
HD 20781 c,2019-02
HD 20781 d,2019-02
HD 20781 e,2019-02
HD 20782 b,2006-06
HD 207832 b,2012-09
HD 207832 c,2012-09
HD 20794 b,2011-10
HD 20794 c,2011-10
HD 20794 d,2011-10
HD 20794 e,2017-09
HD 208487 b,2005-04
HD 208527 b,2013-01
HD 20868 b,2009-03
HD 208897 b,2017-11
HD 209458 b,2000-01
HD 210193 b,2019-06
HD 210277 b,1999-07
HD 210702 b,2007-08
HD 211810 b,2018-11
HD 211970 b,2019-06
HD 212301 b,2006-05
HD 212771 b,2010-05
HD 213240 b,2001-12
HD 213885 b,2020-01
HD 213885 c,2020-01
HD 21411 b,2019-06
HD 214823 b,2016-07
HD 215152 b,2018-06
HD 215152 c,2018-06
HD 215152 d,2018-06
HD 215152 e,2018-06
HD 215497 b,2010-03
HD 215497 c,2010-03
HD 216435 b,2003-05
HD 216437 b,2002-12
HD 216520 b,2021-01
HD 216520 c,2021-01
HD 216536 b,2015-04
HD 216770 b,2004-02
HD 21693 b,2019-02
HD 21693 c,2019-02
HD 217107 b,1999-01
HD 217107 c,2005-10
HD 21749 c,2019-04
HD 217786 b,2011-03
HD 217850 b,2018-11
HD 218566 b,2011-02
HD 219077 b,2013-03
HD 219134 b,2015-12
HD 219134 c,2015-12
HD 219134 d,2015-12
HD 219134 f,2015-11
HD 219134 g,2015-11
HD 219134 h,2015-12
HD 219415 b,2012-09
HD 219666 b,2019-03
HD 219828 b,2007-05
HD 219828 c,2016-07
HD 220074 b,2013-01
HD 220197 b,2019-01
HD 220689 b,2013-03
HD 220773 b,2012-04
HD 220842 b,2016-04
HD 221287 b,2007-08
HD 221416 b,2019-06
HD 221420 b,2019-06
HD 221585 b,2016-07
HD 222076 b,2017-02
HD 222155 b,2012-09
HD 222582 b,2000-06
HD 224538 b,2017-04
HD 224693 b,2006-08
HD 22781 b,2012-02
HD 23079 b,2002-05
HD 23127 b,2007-05
HD 231701 b,2007-11
HD 233604 b,2013-06
HD 233832 b,2019-01
HD 23472 b,2019-02
HD 23472 c,2019-02
HD 23596 b,2003-11
HD 238914 b,2018-05
HD 240210 b,2009-12
HD 240237 b,2012-01
HD 24040 b,2007-03
HD 24064 b,2015-12
HD 24085 b,2019-06
HD 25015 b,2019-05
HD 25171 b,2011-03
HD 2638 b,2005-08
HD 2685 b,2019-05
HD 26965 b,2018-10
HD 27442 b,2001-07
HD 27631 b,2013-03
HD 27894 b,2005-08
HD 27894 c,2017-06
HD 27894 d,2017-06
HD 28185 b,2001-12
HD 28254 b,2010-11
HD 285507 b,2014-05
HD 285968 b,2009-01
HD 28678 b,2011-12
HD 29021 b,2017-05
HD 290327 b,2010-11
HD 2952 b,2013-08
HD 30177 b,2003-04
HD 30177 c,2017-04
HD 30562 b,2009-10
HD 30669 b,2015-04
HD 30856 b,2011-12
HD 31253 b,2011-02
HD 31527 b,2019-02
HD 31527 c,2019-02
HD 31527 d,2019-02
HD 3167 b,2016-09
HD 3167 c,2016-09
HD 3167 d,2017-09
HD 32518 b,2009-10
HD 32963 b,2016-02
HD 330075 b,2004-08
HD 33142 b,2011-12
HD 33142 c,2016-04
HD 332231 b,2020-05
HD 33283 b,2006-08
HD 33564 b,2005-12
HD 33844 b,2016-02
HD 33844 c,2016-02
HD 34445 b,2010-10
HD 34445 c,2017-11
HD 34445 d,2017-11
HD 34445 e,2017-11
HD 34445 f,2017-11
HD 34445 g,2017-11
HD 35759 b,2016-04
HD 3651 b,2003-06
HD 37124 b,2003-01
HD 37124 c,2003-01
HD 37124 d,2005-10
HD 37605 b,2004-08
HD 37605 c,2012-12
HD 38283 b,2011-05
HD 38529 b,2001-04
HD 38529 c,2001-04
HD 38801 b,2010-05
HD 39091 b,2002-07
HD 39855 b,2019-06
HD 40307 b,2009-01
HD 40307 c,2009-01
HD 40307 d,2009-01
HD 40307 f,2013-01
HD 40307 g,2013-01
HD 40956 b,2018-02
HD 40979 b,2003-04
HD 41004 A b,2004-11
HD 41004 B b,2003-06
HD 4113 b,2008-03
HD 42012 b,2017-05
HD 4203 b,2002-03
HD 4203 c,2014-04
HD 4208 b,2002-03
HD 42618 b,2016-10
HD 4308 b,2006-02
HD 4313 b,2010-05
HD 43197 b,2010-11
HD 43691 b,2007-10
HD 44219 b,2010-11
HD 45184 b,2019-02
HD 45184 c,2019-02
HD 45350 b,2005-01
HD 45364 b,2009-03
HD 45364 c,2009-03
HD 45652 b,2008-08
HD 46375 b,2000-06
HD 47186 b,2009-03
HD 47186 c,2009-03
HD 4732 b,2013-01
HD 4732 c,2013-01
HD 47366 b,2016-03
HD 47366 c,2016-03
HD 47536 b,2003-02
HD 4760 b,2021-01
HD 48265 b,2009-03
HD 4917 b,2019-04
HD 49674 b,2003-01
HD 50499 b,2005-10
HD 50499 c,2019-05
HD 50554 b,2002-05
HD 51608 b,2019-02
HD 51608 c,2019-02
HD 52265 b,2000-12
HD 5319 b,2007-12
HD 5319 c,2015-01
HD 55696 b,2018-11
HD 5583 b,2016-04
HD 5608 b,2012-12
HD 564 b,2015-04
HD 5891 b,2011-12
HD 59686 A b,2016-10
HD 60532 b,2008-12
HD 60532 c,2008-12
HD 62509 b,2006-10
HD 63433 b,2020-04
HD 63433 c,2020-04
HD 63454 b,2005-08
HD 63765 b,2011-11
HD 64114 b,2019-06
HD 6434 b,2004-02
HD 65216 b,2004-02
HD 65216 c,2013-09
HD 66141 b,2012-12
HD 66428 b,2006-07
HD 67087 b,2015-06
HD 67087 c,2015-06
HD 6718 b,2010-11
HD 68402 b,2017-04
HD 68988 b,2002-03
HD 69830 b,2006-05
HD 69830 c,2006-05
HD 69830 d,2006-05
HD 70573 b,2007-05
HD 70642 b,2003-08
HD 7199 b,2011-11
HD 72490 b,2019-04
HD 72659 b,2003-01
HD 72892 b,2017-04
HD 73267 b,2009-03
HD 73526 b,2003-04
HD 73526 c,2006-08
HD 73534 b,2009-09
HD 74156 b,2004-01
HD 74156 c,2004-01
HD 7449 b,2011-11
HD 75289 b,2000-04
HD 75784 b,2015-01
HD 75784 c,2018-11
HD 75898 b,2007-12
HD 76700 b,2003-04
HD 76920 b,2017-12
HD 77338 b,2013-04
HD 7924 b,2009-05
HD 7924 c,2015-06
HD 7924 d,2015-06
HD 79498 b,2012-04
HD 80606 b,2001-08
HD 80653 b,2020-01
HD 81040 b,2006-04
HD 81688 b,2008-06
HD 81817 b,2020-05
HD 82886 b,2011-12
HD 82943 b,2004-02
HD 82943 c,2004-02
HD 8326 b,2019-06
HD 83443 b,2002-10
HD 8535 b,2010-11
HD 85390 b,2011-02
HD 85512 b,2011-10
HD 8574 b,2003-11
HD 86081 b,2006-08
HD 86226 b,2010-03
HD 86226 c,2020-07
HD 86264 b,2009-10
HD 8673 b,2010-07
HD 86950 b,2017-02
HD 87646 b,2016-11
HD 87883 b,2009-10
HD 88133 b,2005-02
HD 89307 b,2009-10
HD 89345 b,2018-08
HD 89744 b,2000-04
HD 90156 b,2011-02
HD 9174 b,2017-04
HD 92788 b,2001-04
HD 92788 c,2019-05
HD 92987 b,2019-05
HD 93083 b,2005-07
HD 9446 b,2010-04
HD 9446 c,2010-04
HD 94834 b,2019-04
HD 95086 b,2013-08
HD 95089 b,2010-05
HD 95089 c,2016-04
HD 95127 b,2015-04
HD 95338 b,2020-06
HD 95872 b,2016-02
HD 96063 b,2011-12
HD 96127 b,2012-01
HD 96167 b,2009-06
HD 96992 b,2021-01
HD 97048 b,2019-08
HD 97658 b,2011-03
HD 98219 b,2011-12
HD 98649 b,2013-03
HD 98736 b,2018-11
HD 99109 b,2006-07
HD 99492 b,2005-01
HD 99706 b,2011-12
HD 99706 c,2016-04
HIP 105854 b,2014-06
HIP 107772 b,2020-08
HIP 107773 b,2015-08
HIP 109384 b,2016-04
HIP 109600 b,2016-04
HIP 116454 b,2015-02
HIP 12961 b,2011-02
HIP 14810 b,2006-07
HIP 14810 c,2007-03
HIP 14810 d,2009-07
HIP 35173 b,2019-06
HIP 38594 b,2020-08
HIP 38594 c,2020-08
HIP 41378 b,2016-08
HIP 41378 c,2016-08
HIP 41378 d,2016-08
HIP 41378 e,2016-08
HIP 41378 f,2016-08
HIP 4845 b,2020-08
HIP 48714 b,2020-08
HIP 5158 b,2010-03
HIP 5158 c,2011-09
HIP 54373 b,2019-06
HIP 54373 c,2019-06
HIP 57274 b,2012-01
HIP 57274 c,2012-01
HIP 57274 d,2012-01
HIP 63242 b,2013-08
HIP 65 A b,2020-03
HIP 65407 b,2016-04
HIP 65407 c,2016-04
HIP 65426 b,2017-09
HIP 65891 b,2015-08
HIP 67522 b,2020-07
HIP 67537 b,2017-06
HIP 67851 b,2015-01
HIP 67851 c,2015-01
HIP 70849 b,2011-11
HIP 71135 b,2019-06
HIP 74890 b,2016-05
HIP 78530 b,2011-03
HIP 79098 AB b,2019-06
HIP 79431 b,2010-02
HIP 8541 b,2016-05
HIP 91258 b,2014-03
HIP 97233 b,2015-01
HN Peg b,2007-01
HR 2562 b,2016-09
HR 5183 b,2019-11
HR 810 b,2000-01
HR 858 b,2019-08
HR 858 c,2019-08
HR 858 d,2019-08
HR 8799 b,2008-11
HR 8799 c,2008-11
HR 8799 d,2008-11
HR 8799 e,2010-12
HU Aqr AB b,2011-06
HU Aqr AB c,2011-06
HW Vir b,2012-07
IC 4651 9122 b,2018-12
K2-10 b,2015-08
K2-100 b,2017-02
K2-101 b,2017-02
K2-102 b,2017-02
K2-104 b,2017-02
K2-105 b,2017-04
K2-107 b,2017-03
K2-108 b,2017-04
K2-11 b,2015-08
K2-110 b,2017-07
K2-111 b,2017-07
K2-111 c,2020-10
K2-113 b,2017-11
K2-114 b,2017-11
K2-115 b,2017-11
K2-116 b,2017-11
K2-117 b,2017-11
K2-117 c,2017-11
K2-118 b,2017-11
K2-119 b,2017-11
K2-12 b,2015-08
K2-120 b,2017-11
K2-121 b,2017-11
K2-122 b,2017-11
K2-123 b,2017-11
K2-124 b,2017-11
K2-125 b,2017-11
K2-126 b,2017-11
K2-127 b,2017-11
K2-128 b,2017-11
K2-129 b,2017-11
K2-13 b,2015-08
K2-130 b,2017-11
K2-131 b,2017-12
K2-132 b,2017-12
K2-133 b,2018-01
K2-133 c,2018-01
K2-133 d,2018-01
K2-133 e,2019-08
K2-136 b,2018-01
K2-136 c,2018-01
K2-136 d,2018-01
K2-137 b,2018-03
K2-138 b,2018-02
K2-138 c,2018-02
K2-138 d,2018-02
K2-138 e,2018-02
K2-138 f,2018-02
K2-139 b,2018-04
K2-14 b,2015-08
K2-140 b,2018-04
K2-141 b,2018-03
K2-141 c,2018-03
K2-146 b,2018-03
K2-146 c,2019-09
K2-147 b,2018-03
K2-148 b,2018-03
K2-148 c,2018-03
K2-148 d,2018-03
K2-149 b,2018-03
K2-15 b,2015-08
K2-150 b,2018-03
K2-151 b,2018-03
K2-152 b,2018-03
K2-153 b,2018-03
K2-154 b,2018-03
K2-154 c,2018-03
K2-155 b,2018-03
K2-155 c,2018-03
K2-155 d,2018-03
K2-156 b,2018-03
K2-157 b,2018-03
K2-158 b,2018-03
K2-158 c,2018-08
K2-159 b,2018-03
K2-16 b,2015-08
K2-16 c,2015-08
K2-160 b,2018-03
K2-161 b,2018-03
K2-162 b,2018-03
K2-163 b,2018-03
K2-164 b,2018-03
K2-165 b,2018-03
K2-165 c,2018-03
K2-165 d,2018-03
K2-166 b,2018-03
K2-167 b,2018-03
K2-168 b,2018-03
K2-169 b,2018-03
K2-17 b,2015-08
K2-170 b,2018-03
K2-170 c,2018-03
K2-171 b,2018-03
K2-172 b,2018-03
K2-172 c,2018-03
K2-173 b,2018-03
K2-174 b,2018-03
K2-175 b,2018-03
K2-176 b,2018-03
K2-177 b,2018-03
K2-178 b,2018-03
K2-179 b,2018-03
K2-18 b,2015-08
K2-18 c,2017-12
K2-180 b,2018-03
K2-181 b,2018-03
K2-182 b,2018-03
K2-183 b,2018-03
K2-183 c,2018-03
K2-183 d,2018-03
K2-184 b,2018-03
K2-185 b,2018-03
K2-186 b,2018-03
K2-187 b,2018-03
K2-187 c,2018-03
K2-187 d,2018-03
K2-187 e,2018-03
K2-188 b,2018-03
K2-188 c,2018-03
K2-189 b,2018-03
K2-189 c,2018-03
K2-19 b,2016-06
K2-19 c,2016-06
K2-19 d,2016-06
K2-190 b,2018-03
K2-190 c,2018-03
K2-191 b,2018-03
K2-192 b,2018-03
K2-193 b,2018-03
K2-194 b,2018-03
K2-195 b,2018-03
K2-195 c,2018-03
K2-196 b,2018-03
K2-197 b,2018-03
K2-198 b,2018-03
K2-198 c,2019-07
K2-198 d,2019-07
K2-199 b,2018-03
K2-199 c,2018-03
K2-200 b,2018-03
K2-201 b,2018-03
K2-201 c,2018-03
K2-202 b,2018-03
K2-203 b,2018-03
K2-204 b,2018-03
K2-205 b,2018-03
K2-206 b,2018-03
K2-207 b,2018-03
K2-208 b,2018-03
K2-209 b,2018-03
K2-21 b,2015-10
K2-21 c,2015-10
K2-210 b,2018-03
K2-211 b,2018-03
K2-212 b,2018-03
K2-213 b,2018-03
K2-214 b,2018-03
K2-215 b,2018-03
K2-216 b,2018-03
K2-217 b,2018-03
K2-218 b,2018-03
K2-219 b,2018-03
K2-219 c,2018-03
K2-219 d,2018-03
K2-22 b,2015-10
K2-220 b,2018-03
K2-221 b,2018-03
K2-222 b,2018-03
K2-223 b,2018-03
K2-223 c,2018-03
K2-224 b,2018-03
K2-224 c,2018-08
K2-225 b,2018-03
K2-226 b,2018-03
K2-227 b,2018-03
K2-228 b,2018-03
K2-229 b,2018-03
K2-229 c,2018-03
K2-230 b,2018-03
K2-231 b,2018-04
K2-232 b,2018-06
K2-233 b,2018-05
K2-233 c,2018-05
K2-233 d,2018-05
K2-237 b,2018-08
K2-238 b,2018-08
K2-239 b,2018-10
K2-239 c,2018-10
K2-239 d,2018-10
K2-24 b,2016-02
K2-24 c,2016-02
K2-240 b,2018-10
K2-240 c,2018-10
K2-241 b,2018-08
K2-242 b,2018-08
K2-243 b,2018-08
K2-243 c,2018-08
K2-244 b,2018-08
K2-245 b,2018-08
K2-246 b,2018-08
K2-247 b,2018-08
K2-247 c,2018-08
K2-248 b,2018-08
K2-249 b,2018-08
K2-25 b,2016-02
K2-250 b,2018-08
K2-251 b,2018-08
K2-252 b,2018-08
K2-253 b,2018-08
K2-254 b,2018-08
K2-254 c,2018-08
K2-255 b,2018-08
K2-256 b,2018-08
K2-257 b,2018-08
K2-258 b,2018-08
K2-259 b,2018-08
K2-26 b,2016-02
K2-260 b,2018-11
K2-261 b,2018-11
K2-263 b,2018-12
K2-264 b,2018-11
K2-264 c,2018-11
K2-265 b,2018-11
K2-266 b,2018-11
K2-266 c,2018-11
K2-266 d,2018-11
K2-266 e,2018-11
K2-268 b,2018-12
K2-268 c,2018-12
K2-269 b,2018-12
K2-27 b,2016-03
K2-270 b,2018-12
K2-270 c,2018-12
K2-271 b,2018-12
K2-272 b,2018-12
K2-273 b,2018-12
K2-274 b,2018-12
K2-275 b,2018-12
K2-275 c,2018-12
K2-276 b,2018-12
K2-277 b,2018-12
K2-278 b,2018-12
K2-279 b,2018-12
K2-28 b,2016-03
K2-280 b,2018-12
K2-281 b,2018-12
K2-282 b,2018-12
K2-283 b,2018-12
K2-284 b,2018-12
K2-285 b,2019-03
K2-285 c,2019-03
K2-285 d,2019-03
K2-285 e,2019-03
K2-286 b,2019-11
K2-287 b,2019-03
K2-288 B b,2019-01
K2-289 b,2019-03
K2-29 b,2016-06
K2-290 b,2019-04
K2-290 c,2019-04
K2-291 b,2019-03
K2-292 b,2019-03
K2-293 b,2019-05
K2-294 b,2019-05
K2-295 b,2019-06
K2-3 b,2015-05
K2-3 c,2015-05
K2-3 d,2015-05
K2-30 b,2016-06
K2-308 b,2019-08
K2-31 b,2016-06
K2-315 b,2020-06
K2-316 b,2020-07
K2-316 c,2020-07
K2-317 b,2020-07
K2-318 b,2020-07
K2-319 b,2020-07
K2-32 b,2016-06
K2-32 c,2016-06
K2-32 d,2016-06
K2-32 e,2019-05
K2-320 b,2020-07
K2-321 b,2020-07
K2-322 b,2020-07
K2-323 b,2020-07
K2-324 b,2020-07
K2-325 b,2020-07
K2-326 b,2020-07
K2-329 b,2020-10
K2-33 b,2016-06
K2-34 b,2016-07
K2-35 b,2016-08
K2-35 c,2016-08
K2-36 b,2016-08
K2-36 c,2016-08
K2-37 b,2016-08
K2-37 c,2016-08
K2-37 d,2016-08
K2-38 b,2016-08
K2-38 c,2016-08
K2-39 b,2016-11
K2-4 b,2015-08
K2-42 b,2016-09
K2-43 b,2016-09
K2-43 c,2019-07
K2-44 b,2016-09
K2-45 b,2016-09
K2-46 b,2016-09
K2-47 b,2016-09
K2-48 b,2016-09
K2-49 b,2016-09
K2-5 b,2015-08
K2-5 c,2015-08
K2-50 b,2016-09
K2-52 b,2016-09
K2-53 b,2016-09
K2-54 b,2016-09
K2-55 b,2016-09
K2-57 b,2016-09
K2-58 b,2016-09
K2-58 c,2016-09
K2-58 d,2016-09
K2-59 b,2016-09
K2-59 c,2016-09
K2-6 b,2015-08
K2-60 b,2016-09
K2-61 b,2016-09
K2-62 b,2016-09
K2-62 c,2016-09
K2-63 b,2016-09
K2-63 c,2016-09
K2-64 b,2016-09
K2-65 b,2016-09
K2-66 b,2016-09
K2-68 b,2016-09
K2-69 b,2016-09
K2-7 b,2015-08
K2-70 b,2016-09
K2-71 b,2016-09
K2-72 b,2016-09
K2-72 c,2016-09
K2-72 d,2016-09
K2-72 e,2016-09
K2-73 b,2016-09
K2-74 b,2016-09
K2-75 b,2016-09
K2-75 c,2016-09
K2-77 b,2016-09
K2-79 b,2016-09
K2-8 b,2015-08
K2-8 c,2016-08
K2-80 b,2016-09
K2-80 c,2016-09
K2-80 d,2018-03
K2-81 b,2016-09
K2-83 b,2016-09
K2-83 c,2016-09
K2-84 b,2016-09
K2-84 c,2016-09
K2-85 b,2016-09
K2-86 b,2016-09
K2-87 b,2016-09
K2-88 b,2016-09
K2-89 b,2016-09
K2-9 b,2015-08
K2-90 b,2016-09
K2-90 c,2016-09
K2-91 b,2016-09
K2-95 b,2016-12
K2-97 b,2016-12
K2-98 b,2016-12
K2-99 b,2017-01
KELT-1 b,2012-12
KELT-10 b,2016-07
KELT-11 b,2017-05
KELT-12 b,2017-04
KELT-14 b,2016-06
KELT-15 b,2016-06
KELT-16 b,2017-03
KELT-17 b,2016-11
KELT-18 b,2017-06
KELT-19 A b,2018-01
KELT-2 A b,2012-09
KELT-20 b,2017-11
KELT-21 b,2018-02
KELT-23 A b,2019-08
KELT-24 b,2019-11
KELT-3 b,2013-08
KELT-4 A b,2016-02
KELT-6 b,2014-02
KELT-6 c,2015-09
KELT-7 b,2015-07
KELT-8 b,2015-09
KELT-9 b,2017-06
KIC 10001893 b,2014-10
KIC 10001893 c,2014-10
KIC 10001893 d,2014-10
KIC 10525077 b,2015-12
KIC 3558849 b,2015-12
KIC 5095269 b,2017-07
KIC 5437945 b,2015-12
KIC 5951458 b,2015-12
KIC 7917485 b,2016-08
KIC 8540376 b,2015-12
KIC 8540376 c,2015-12
KIC 9663113 b,2015-12
KMT-2016-BLG-0212L b,2018-12
KMT-2016-BLG-1107L b,2019-01
KMT-2016-BLG-1397L b,2018-11
KMT-2016-BLG-1820L b,2018-11
KMT-2016-BLG-1836L b,2020-03
KMT-2016-BLG-2142L b,2018-11
KMT-2016-BLG-2364L b,2020-10
KMT-2016-BLG-2397L b,2020-10
KMT-2017-BLG-0165L b,2019-02
KMT-2017-BLG-1038L b,2019-04
KMT-2017-BLG-1146L b,2019-04
KMT-2018-BLG-0029L b,2020-02
KMT-2018-BLG-0748L b,2020-09
KMT-2018-BLG-1292L b,2020-02
KMT-2018-BLG-1990L b,2019-10
KMT-2019-BLG-0842L b,2019-12
KMT-2019-BLG-1339L b,2020-08
KMT-2019-BLG-1953L b,2020-07
KOI-12 b,2015-07
KOI-1257 b,2014-06
KOI-13 b,2011-07
KOI-142 b,2013-11
KOI-142 c,2013-11
KOI-1599.01,2019-06
KOI-1599.02,2019-06
KOI-1783.01,2020-03
KOI-1783.02,2020-03
KOI-217 b,2010-12
KOI-351 b,2014-01
KOI-351 c,2014-01
KOI-351 d,2014-01
KOI-351 e,2014-01
KOI-351 f,2014-01
KOI-351 g,2014-01
KOI-351 h,2014-01
KOI-3680 b,2019-03
KOI-55 b,2011-12
KOI-55 c,2011-12
KOI-94 b,2013-05
KOI-94 c,2013-05
KOI-94 d,2013-05
KOI-94 e,2013-05
KPS-1 b,2018-07
Kapteyn c,2014-09
Kepler-10 b,2011-03
Kepler-10 c,2011-11
Kepler-100 b,2014-02
Kepler-100 c,2014-02
Kepler-100 d,2014-02
Kepler-1000 b,2016-05
Kepler-1001 b,2016-05
Kepler-1001 c,2020-08
Kepler-1002 b,2016-05
Kepler-1003 b,2016-05
Kepler-1004 b,2016-05
Kepler-1005 b,2016-05
Kepler-1006 b,2016-05
Kepler-1007 b,2016-05
Kepler-1008 b,2016-05
Kepler-1009 b,2016-05
Kepler-101 b,2014-03
Kepler-101 c,2014-03
Kepler-1010 b,2016-05
Kepler-1011 b,2016-05
Kepler-1012 b,2016-05
Kepler-1013 b,2016-05
Kepler-1014 b,2016-05
Kepler-1015 b,2016-05
Kepler-1016 b,2016-05
Kepler-1016 c,2016-05
Kepler-1017 b,2016-05
Kepler-1018 b,2016-05
Kepler-1019 b,2016-05
Kepler-102 b,2014-02
Kepler-102 c,2014-02
Kepler-102 d,2014-02
Kepler-102 e,2014-03
Kepler-102 f,2014-02
Kepler-1020 b,2016-05
Kepler-1021 b,2016-05
Kepler-1022 b,2016-05
Kepler-1023 b,2016-05
Kepler-1024 b,2016-05
Kepler-1025 b,2016-05
Kepler-1026 b,2016-05
Kepler-1027 b,2016-05
Kepler-1028 b,2016-05
Kepler-1029 b,2016-05
Kepler-103 b,2014-02
Kepler-103 c,2014-02
Kepler-1030 b,2016-05
Kepler-1031 b,2016-05
Kepler-1032 b,2016-05
Kepler-1033 b,2016-05
Kepler-1034 b,2016-05
Kepler-1035 b,2016-05
Kepler-1036 b,2016-05
Kepler-1037 b,2016-05
Kepler-1038 b,2016-05
Kepler-1039 b,2016-05
Kepler-104 b,2014-03
Kepler-104 c,2014-03
Kepler-104 d,2014-03
Kepler-1040 b,2016-05
Kepler-1041 b,2016-05
Kepler-1042 b,2016-05
Kepler-1043 b,2016-05
Kepler-1044 b,2016-05
Kepler-1045 b,2016-05
Kepler-1046 b,2016-05
Kepler-1047 b,2016-05
Kepler-1047 c,2016-05
Kepler-1048 b,2016-05
Kepler-1049 b,2016-05
Kepler-105 b,2014-03
Kepler-105 c,2014-03
Kepler-1050 b,2016-05
Kepler-1050 c,2016-05
Kepler-1051 b,2016-05
Kepler-1052 b,2016-05
Kepler-1053 b,2016-05
Kepler-1054 b,2016-05
Kepler-1055 b,2016-05
Kepler-1056 b,2016-05
Kepler-1057 b,2016-05
Kepler-1058 b,2016-05
Kepler-1059 b,2016-05
Kepler-106 b,2014-02
Kepler-106 c,2014-02
Kepler-106 d,2014-02
Kepler-106 e,2014-02
Kepler-1060 b,2016-05
Kepler-1061 b,2016-05
Kepler-1062 b,2016-05
Kepler-1063 b,2016-05
Kepler-1064 b,2016-05
Kepler-1065 b,2016-05
Kepler-1065 c,2016-05
Kepler-1066 b,2016-05
Kepler-1067 b,2016-05
Kepler-1068 b,2016-05
Kepler-1069 b,2016-05
Kepler-107 b,2014-03
Kepler-107 c,2014-03
Kepler-107 d,2014-03
Kepler-107 e,2014-03
Kepler-1070 b,2016-05
Kepler-1071 b,2016-05
Kepler-1072 b,2016-05
Kepler-1073 b,2016-05
Kepler-1073 c,2016-05
Kepler-1074 b,2016-05
Kepler-1075 b,2016-05
Kepler-1076 b,2016-05
Kepler-1077 b,2016-05
Kepler-1078 b,2016-05
Kepler-1079 b,2016-05
Kepler-108 b,2014-03
Kepler-108 c,2014-03
Kepler-1080 b,2016-05
Kepler-1081 b,2016-05
Kepler-1082 b,2016-05
Kepler-1083 b,2016-05
Kepler-1084 b,2016-05
Kepler-1085 b,2016-05
Kepler-1085 c,2020-08
Kepler-1086 b,2016-05
Kepler-1086 c,2016-05
Kepler-1087 b,2016-05
Kepler-1088 b,2016-05
Kepler-1089 b,2016-05
Kepler-109 b,2014-02
Kepler-109 c,2014-02
Kepler-1090 b,2016-05
Kepler-1091 b,2016-05
Kepler-1092 b,2016-05
Kepler-1093 b,2016-05
Kepler-1093 c,2016-05
Kepler-1094 b,2016-05
Kepler-1095 b,2016-05
Kepler-1096 b,2016-05
Kepler-1097 b,2016-05
Kepler-1098 b,2016-05
Kepler-1099 b,2016-05
Kepler-11 b,2011-02
Kepler-11 c,2011-02
Kepler-11 d,2011-02
Kepler-11 e,2011-02
Kepler-11 f,2011-02
Kepler-11 g,2011-02
Kepler-110 b,2014-03
Kepler-110 c,2014-03
Kepler-1100 b,2016-05
Kepler-1101 b,2016-05
Kepler-1102 b,2016-05
Kepler-1103 b,2016-05
Kepler-1104 b,2016-05
Kepler-1105 b,2016-05
Kepler-1106 b,2016-05
Kepler-1107 b,2016-05
Kepler-1108 b,2016-05
Kepler-1109 b,2016-05
Kepler-111 b,2014-03
Kepler-111 c,2014-03
Kepler-1110 b,2016-05
Kepler-1111 b,2016-05
Kepler-1112 b,2016-05
Kepler-1113 b,2016-05
Kepler-1114 b,2016-05
Kepler-1115 b,2016-05
Kepler-1116 b,2016-05
Kepler-1117 b,2016-05
Kepler-1118 b,2016-05
Kepler-1119 b,2016-05
Kepler-112 b,2014-03
Kepler-112 c,2014-03
Kepler-1120 b,2016-05
Kepler-1121 b,2016-05
Kepler-1122 b,2016-05
Kepler-1123 b,2016-05
Kepler-1124 b,2016-05
Kepler-1125 b,2016-05
Kepler-1126 b,2016-05
Kepler-1127 b,2016-05
Kepler-1128 b,2016-05
Kepler-1129 b,2016-05
Kepler-1129 c,2016-05
Kepler-113 b,2014-02
Kepler-113 c,2014-02
Kepler-1130 b,2016-05
Kepler-1131 b,2016-05
Kepler-1132 b,2016-05
Kepler-1133 b,2016-05
Kepler-1134 b,2016-05
Kepler-1135 b,2016-05
Kepler-1136 b,2016-05
Kepler-1137 b,2016-05
Kepler-1138 b,2016-05
Kepler-1139 b,2016-05
Kepler-114 b,2014-03
Kepler-114 c,2014-02
Kepler-114 d,2014-02
Kepler-1140 b,2016-05
Kepler-1141 b,2016-05
Kepler-1142 b,2016-05
Kepler-1143 b,2016-05
Kepler-1143 c,2016-05
Kepler-1144 b,2016-05
Kepler-1145 b,2016-05
Kepler-1146 b,2016-05
Kepler-1147 b,2016-05
Kepler-1148 b,2016-05
Kepler-1149 b,2016-05
Kepler-115 b,2014-03
Kepler-115 c,2014-03
Kepler-1150 b,2016-05
Kepler-1151 b,2016-05
Kepler-1152 b,2016-05
Kepler-1153 b,2016-05
Kepler-1154 b,2016-05
Kepler-1154 c,2016-05
Kepler-1155 b,2016-05
Kepler-1156 b,2016-05
Kepler-1157 b,2016-05
Kepler-1158 b,2016-05
Kepler-1159 b,2016-05
Kepler-116 b,2014-03
Kepler-116 c,2014-03
Kepler-1160 b,2016-05
Kepler-1161 b,2016-05
Kepler-1162 b,2016-05
Kepler-1163 b,2016-05
Kepler-1164 b,2016-05
Kepler-1165 b,2016-05
Kepler-1166 b,2016-05
Kepler-1167 b,2016-05
Kepler-1168 b,2016-05
Kepler-1169 b,2016-05
Kepler-117 b,2014-03
Kepler-117 c,2014-03
Kepler-1170 b,2016-05
Kepler-1171 b,2016-05
Kepler-1172 b,2016-05
Kepler-1173 b,2016-05
Kepler-1174 b,2016-05
Kepler-1175 b,2016-05
Kepler-1176 b,2016-05
Kepler-1177 b,2016-05
Kepler-1178 b,2016-05
Kepler-1179 b,2016-05
Kepler-118 b,2014-03
Kepler-118 c,2014-03
Kepler-1180 b,2016-05
Kepler-1181 b,2016-05
Kepler-1182 b,2016-05
Kepler-1183 b,2016-05
Kepler-1184 b,2016-05
Kepler-1185 b,2016-05
Kepler-1186 b,2016-05
Kepler-1187 b,2016-05
Kepler-1188 b,2016-05
Kepler-1189 b,2016-05
Kepler-119 b,2014-03
Kepler-119 c,2014-03
Kepler-1190 b,2016-05
Kepler-1191 b,2016-05
Kepler-1192 b,2016-05
Kepler-1193 b,2016-05
Kepler-1194 b,2016-05
Kepler-1195 b,2016-05
Kepler-1196 b,2016-05
Kepler-1197 b,2016-05
Kepler-1198 b,2016-05
Kepler-1199 b,2016-05
Kepler-12 b,2011-11
Kepler-120 b,2014-03
Kepler-120 c,2014-03
Kepler-1200 b,2016-05
Kepler-1201 b,2016-05
Kepler-1202 b,2016-05
Kepler-1203 b,2016-05
Kepler-1204 b,2016-05
Kepler-1205 b,2016-05
Kepler-1206 b,2016-05
Kepler-1207 b,2016-05
Kepler-1208 b,2016-05
Kepler-1209 b,2016-05
Kepler-121 b,2014-03
Kepler-121 c,2014-03
Kepler-1210 b,2016-05
Kepler-1211 b,2016-05
Kepler-1212 b,2016-05
Kepler-1213 b,2016-05
Kepler-1214 b,2016-05
Kepler-1215 b,2016-05
Kepler-1216 b,2016-05
Kepler-1217 b,2016-05
Kepler-1218 b,2016-05
Kepler-1219 b,2016-05
Kepler-122 b,2014-03
Kepler-122 c,2014-03
Kepler-122 d,2014-03
Kepler-122 e,2014-03
Kepler-122 f,2014-05
Kepler-1220 b,2016-05
Kepler-1221 b,2016-05
Kepler-1222 b,2016-05
Kepler-1223 b,2016-05
Kepler-1224 b,2016-05
Kepler-1225 b,2016-05
Kepler-1226 b,2016-05
Kepler-1227 b,2016-05
Kepler-1228 b,2016-05
Kepler-1229 b,2016-05
Kepler-123 b,2014-03
Kepler-123 c,2014-03
Kepler-1230 b,2016-05
Kepler-1231 b,2016-05
Kepler-1232 b,2016-05
Kepler-1233 b,2016-05
Kepler-1234 b,2016-05
Kepler-1235 b,2016-05
Kepler-1236 b,2016-05
Kepler-1237 b,2016-05
Kepler-1238 b,2016-05
Kepler-1239 b,2016-05
Kepler-124 b,2014-03
Kepler-124 c,2014-03
Kepler-124 d,2014-03
Kepler-1240 b,2016-05
Kepler-1241 b,2016-05
Kepler-1242 b,2016-05
Kepler-1243 b,2016-05
Kepler-1244 b,2016-05
Kepler-1245 b,2016-05
Kepler-1245 c,2016-05
Kepler-1246 b,2016-05
Kepler-1247 b,2016-05
Kepler-1248 b,2016-05
Kepler-1249 b,2016-05
Kepler-125 b,2014-03
Kepler-125 c,2014-03
Kepler-1250 b,2016-05
Kepler-1251 b,2016-05
Kepler-1252 b,2016-05
Kepler-1253 b,2016-05
Kepler-1254 b,2016-05
Kepler-1254 c,2016-05
Kepler-1254 d,2016-05
Kepler-1255 b,2016-05
Kepler-1256 b,2016-05
Kepler-1257 b,2016-05
Kepler-1258 b,2016-05
Kepler-1259 b,2016-05
Kepler-126 b,2014-03
Kepler-126 c,2014-03
Kepler-126 d,2014-03
Kepler-1260 b,2016-05
Kepler-1261 b,2016-05
Kepler-1262 b,2016-05
Kepler-1263 b,2016-05
Kepler-1264 b,2016-05
Kepler-1265 b,2016-05
Kepler-1266 b,2016-05
Kepler-1267 b,2016-05
Kepler-1268 b,2016-05
Kepler-1269 b,2016-05
Kepler-127 b,2014-03
Kepler-127 c,2014-03
Kepler-127 d,2014-03
Kepler-1270 b,2016-05
Kepler-1271 b,2016-05
Kepler-1272 b,2016-05
Kepler-1273 b,2016-05
Kepler-1274 b,2016-05
Kepler-1275 b,2016-05
Kepler-1276 b,2016-05
Kepler-1277 b,2016-05
Kepler-1278 b,2016-05
Kepler-1279 b,2016-05
Kepler-128 b,2014-02
Kepler-128 c,2014-02
Kepler-1280 b,2016-05
Kepler-1281 b,2016-05
Kepler-1282 b,2016-05
Kepler-1283 b,2016-05
Kepler-1284 b,2016-05
Kepler-1285 b,2016-05
Kepler-1286 b,2016-05
Kepler-1287 b,2016-05
Kepler-1288 b,2016-05
Kepler-1289 b,2016-05
Kepler-129 b,2014-03
Kepler-129 c,2014-03
Kepler-1290 b,2016-05
Kepler-1291 b,2016-05
Kepler-1292 b,2016-05
Kepler-1293 b,2016-05
Kepler-1294 b,2016-05
Kepler-1295 b,2016-05
Kepler-1296 b,2016-05
Kepler-1297 b,2016-05
Kepler-1298 b,2016-05
Kepler-1299 b,2016-05
Kepler-130 b,2014-03
Kepler-130 c,2014-03
Kepler-130 d,2014-03
Kepler-1300 b,2016-05
Kepler-1301 b,2016-05
Kepler-1302 b,2016-05
Kepler-1303 b,2016-05
Kepler-1304 b,2016-05
Kepler-1305 b,2016-05
Kepler-1306 b,2016-05
Kepler-1307 b,2016-05
Kepler-1308 b,2016-05
Kepler-1309 b,2016-05
Kepler-131 b,2014-02
Kepler-131 c,2014-02
Kepler-1310 b,2016-05
Kepler-1311 b,2016-05
Kepler-1311 c,2016-05
Kepler-1312 b,2016-05
Kepler-1313 b,2016-05
Kepler-1314 b,2016-05
Kepler-1315 b,2016-05
Kepler-1316 b,2016-05
Kepler-1317 b,2016-05
Kepler-1318 b,2016-05
Kepler-1319 b,2017-06
Kepler-132 b,2014-03
Kepler-132 c,2014-03
Kepler-132 d,2014-03
Kepler-132 e,2016-05
Kepler-1320 b,2016-05
Kepler-1321 b,2016-05
Kepler-1321 c,2016-05
Kepler-1322 b,2016-05
Kepler-1323 b,2016-05
Kepler-1324 b,2016-05
Kepler-1325 b,2016-05
Kepler-1326 b,2016-05
Kepler-1327 b,2016-05
Kepler-1328 b,2016-05
Kepler-1329 b,2016-05
Kepler-133 b,2014-03
Kepler-133 c,2014-03
Kepler-1330 b,2016-05
Kepler-1331 b,2016-05
Kepler-1332 b,2016-05
Kepler-1333 b,2016-05
Kepler-1334 b,2016-05
Kepler-1335 b,2016-05
Kepler-1336 b,2016-05
Kepler-1336 c,2016-05
Kepler-1337 b,2016-05
Kepler-1338 b,2016-05
Kepler-1339 b,2016-05
Kepler-134 b,2014-03
Kepler-134 c,2014-03
Kepler-1340 b,2016-05
Kepler-1341 b,2016-05
Kepler-1342 b,2016-05
Kepler-1343 b,2016-05
Kepler-1344 b,2016-05
Kepler-1345 b,2016-05
Kepler-1346 b,2016-05
Kepler-1347 b,2016-05
Kepler-1348 b,2016-05
Kepler-1349 b,2016-05
Kepler-135 b,2014-03
Kepler-135 c,2014-03
Kepler-1350 b,2016-05
Kepler-1350 c,2016-05
Kepler-1351 b,2016-05
Kepler-1352 b,2016-05
Kepler-1353 b,2016-05
Kepler-1354 b,2016-05
Kepler-1355 b,2016-05
Kepler-1356 b,2016-05
Kepler-1357 b,2016-05
Kepler-1358 b,2016-05
Kepler-1359 b,2016-05
Kepler-136 b,2014-03
Kepler-136 c,2014-03
Kepler-1360 b,2016-05
Kepler-1361 b,2016-05
Kepler-1362 b,2016-05
Kepler-1363 b,2016-05
Kepler-1364 b,2016-05
Kepler-1365 b,2016-05
Kepler-1365 c,2016-05
Kepler-1366 b,2016-05
Kepler-1367 b,2016-05
Kepler-1368 b,2016-05
Kepler-1369 b,2016-05
Kepler-137 b,2014-03
Kepler-137 c,2014-03
Kepler-1370 b,2016-05
Kepler-1370 c,2016-05
Kepler-1371 b,2016-05
Kepler-1371 c,2016-05
Kepler-1372 b,2016-05
Kepler-1373 b,2016-05
Kepler-1374 b,2016-05
Kepler-1375 b,2016-05
Kepler-1376 b,2016-05
Kepler-1377 b,2016-05
Kepler-1378 b,2016-05
Kepler-1379 b,2016-05
Kepler-138 b,2014-03
Kepler-138 c,2014-03
Kepler-138 d,2014-03
Kepler-1380 b,2016-05
Kepler-1381 b,2016-05
Kepler-1382 b,2016-05
Kepler-1383 b,2016-05
Kepler-1384 b,2016-05
Kepler-1385 b,2016-05
Kepler-1386 b,2016-05
Kepler-1387 b,2016-05
Kepler-1388 b,2016-05
Kepler-1388 c,2016-05
Kepler-1388 d,2016-05
Kepler-1388 e,2016-05
Kepler-1389 b,2016-05
Kepler-139 b,2014-03
Kepler-139 c,2014-03
Kepler-1390 b,2016-05
Kepler-1391 b,2016-05
Kepler-1392 b,2016-05
Kepler-1393 b,2016-05
Kepler-1394 b,2016-05
Kepler-1395 b,2016-05
Kepler-1396 b,2016-05
Kepler-1397 b,2016-05
Kepler-1398 b,2016-05
Kepler-1398 c,2016-05
Kepler-1399 b,2016-05
Kepler-14 b,2011-11
Kepler-140 b,2014-03
Kepler-140 c,2014-03
Kepler-1400 b,2016-05
Kepler-1401 b,2016-05
Kepler-1402 b,2016-05
Kepler-1403 b,2016-05
Kepler-1404 b,2016-05
Kepler-1405 b,2016-05
Kepler-1406 b,2016-05
Kepler-1407 b,2016-05
Kepler-1408 b,2016-05
Kepler-1409 b,2016-05
Kepler-141 b,2014-03
Kepler-141 c,2014-03
Kepler-1410 b,2016-05
Kepler-1411 b,2016-05
Kepler-1412 b,2016-05
Kepler-1413 b,2016-05
Kepler-1414 b,2016-05
Kepler-1415 b,2016-05
Kepler-1416 b,2016-05
Kepler-1417 b,2016-05
Kepler-1418 b,2016-05
Kepler-1419 b,2016-05
Kepler-142 b,2014-03
Kepler-142 c,2014-03
Kepler-142 d,2014-03
Kepler-1420 b,2016-05
Kepler-1421 b,2016-05
Kepler-1422 b,2016-05
Kepler-1423 b,2016-05
Kepler-1424 b,2016-05
Kepler-1425 b,2016-05
Kepler-1426 b,2016-05
Kepler-1427 b,2016-05
Kepler-1428 b,2016-05
Kepler-1429 b,2016-05
Kepler-143 b,2014-03
Kepler-143 c,2014-03
Kepler-1430 b,2016-05
Kepler-1431 b,2016-05
Kepler-1432 b,2016-05
Kepler-1433 b,2016-05
Kepler-1434 b,2016-05
Kepler-1435 b,2016-05
Kepler-1436 b,2016-05
Kepler-1437 b,2016-05
Kepler-1438 b,2016-05
Kepler-1439 b,2016-05
Kepler-144 b,2014-03
Kepler-144 c,2014-03
Kepler-1440 b,2016-05
Kepler-1441 b,2016-05
Kepler-1442 b,2016-05
Kepler-1443 b,2016-05
Kepler-1444 b,2016-05
Kepler-1445 b,2016-05
Kepler-1446 b,2016-05
Kepler-1447 b,2016-05
Kepler-1448 b,2016-05
Kepler-1449 b,2016-05
Kepler-145 b,2014-02
Kepler-145 c,2014-02
Kepler-1450 b,2016-05
Kepler-1451 b,2016-05
Kepler-1452 b,2016-05
Kepler-1453 b,2016-05
Kepler-1454 b,2016-05
Kepler-1455 b,2016-05
Kepler-1456 b,2016-05
Kepler-1457 b,2016-05
Kepler-1458 b,2016-05
Kepler-1459 b,2016-05
Kepler-146 b,2014-03
Kepler-146 c,2014-03
Kepler-1460 b,2016-05
Kepler-1461 b,2016-05
Kepler-1462 b,2016-05
Kepler-1463 b,2016-05
Kepler-1464 b,2016-05
Kepler-1464 c,2016-05
Kepler-1465 b,2016-05
Kepler-1466 b,2016-05
Kepler-1467 b,2016-05
Kepler-1468 b,2016-05
Kepler-1468 c,2016-05
Kepler-1469 b,2016-05
Kepler-147 b,2014-03
Kepler-147 c,2014-03
Kepler-1470 b,2016-05
Kepler-1471 b,2016-05
Kepler-1472 b,2016-05
Kepler-1473 b,2016-05
Kepler-1474 b,2016-05
Kepler-1475 b,2016-05
Kepler-1476 b,2016-05
Kepler-1477 b,2016-05
Kepler-1478 b,2016-05
Kepler-1479 b,2016-05
Kepler-148 b,2014-03
Kepler-148 c,2014-03
Kepler-148 d,2016-05
Kepler-1480 b,2016-05
Kepler-1481 b,2016-05
Kepler-1482 b,2016-05
Kepler-1483 b,2016-05
Kepler-1484 b,2016-05
Kepler-1485 b,2016-05
Kepler-1486 b,2016-05
Kepler-1487 b,2016-05
Kepler-1488 b,2016-05
Kepler-1489 b,2016-05
Kepler-149 b,2014-03
Kepler-149 c,2014-03
Kepler-149 d,2014-03
Kepler-1490 b,2016-05
Kepler-1491 b,2016-05
Kepler-1492 b,2016-05
Kepler-1493 b,2016-05
Kepler-1494 b,2016-05
Kepler-1495 b,2016-05
Kepler-1496 b,2016-05
Kepler-1497 b,2016-05
Kepler-1498 b,2016-05
Kepler-1499 b,2016-05
Kepler-15 b,2011-11
Kepler-150 b,2014-03
Kepler-150 c,2014-03
Kepler-150 d,2014-03
Kepler-150 e,2014-03
Kepler-150 f,2017-04
Kepler-1500 b,2016-05
Kepler-1501 b,2016-05
Kepler-1502 b,2016-05
Kepler-1503 b,2016-05
Kepler-1504 b,2016-05
Kepler-1505 b,2016-05
Kepler-1506 b,2016-05
Kepler-1507 b,2016-05
Kepler-1508 b,2016-05
Kepler-1509 b,2016-05
Kepler-151 b,2014-03
Kepler-151 c,2014-03
Kepler-1510 b,2016-05
Kepler-1511 b,2016-05
Kepler-1512 b,2016-05
Kepler-1513 b,2016-05
Kepler-1514 b,2016-05
Kepler-1514 c,2020-08
Kepler-1515 b,2016-05
Kepler-1516 b,2016-05
Kepler-1517 b,2016-05
Kepler-1518 b,2016-05
Kepler-1519 b,2016-05
Kepler-152 b,2014-03
Kepler-152 c,2014-03
Kepler-1520 b,2016-05
Kepler-1521 b,2016-05
Kepler-1522 b,2016-05
Kepler-1523 b,2016-05
Kepler-1524 b,2016-05
Kepler-1525 b,2016-05
Kepler-1526 b,2016-05
Kepler-1527 b,2016-05
Kepler-1528 b,2016-05
Kepler-1529 b,2016-05
Kepler-153 b,2014-03
Kepler-153 c,2014-03
Kepler-1530 b,2016-05
Kepler-1530 c,2016-05
Kepler-1531 b,2016-05
Kepler-1532 b,2016-05
Kepler-1533 b,2016-05
Kepler-1534 b,2016-05
Kepler-1535 b,2016-05
Kepler-1536 b,2016-05
Kepler-1537 b,2016-05
Kepler-1538 b,2016-05
Kepler-1539 b,2016-05
Kepler-154 b,2014-03
Kepler-154 c,2014-03
Kepler-154 d,2016-05
Kepler-154 e,2016-05
Kepler-154 f,2016-05
Kepler-1540 b,2016-05
Kepler-1541 b,2016-05
Kepler-1542 b,2016-05
Kepler-1542 c,2016-05
Kepler-1542 d,2016-05
Kepler-1542 e,2016-05
Kepler-1543 b,2016-05
Kepler-1544 b,2016-05
Kepler-1545 b,2016-05
Kepler-1546 b,2016-05
Kepler-1547 b,2016-05
Kepler-1548 b,2016-05
Kepler-1549 b,2016-05
Kepler-155 b,2014-03
Kepler-155 c,2014-03
Kepler-1550 b,2016-05
Kepler-1551 b,2016-05
Kepler-1552 b,2016-05
Kepler-1553 b,2016-05
Kepler-1554 b,2016-05
Kepler-1555 b,2016-05
Kepler-1556 b,2016-05
Kepler-1557 b,2016-05
Kepler-1558 b,2016-05
Kepler-1559 b,2016-05
Kepler-156 b,2014-03
Kepler-156 c,2014-03
Kepler-1560 b,2016-05
Kepler-1561 b,2016-05
Kepler-1562 b,2016-05
Kepler-1563 b,2016-05
Kepler-1564 b,2016-05
Kepler-1565 b,2016-05
Kepler-1566 b,2016-05
Kepler-1567 b,2016-05
Kepler-1568 b,2016-05
Kepler-1569 b,2016-05
Kepler-157 b,2014-03
Kepler-157 c,2014-03
Kepler-157 d,2016-05
Kepler-1570 b,2016-05
Kepler-1571 b,2016-05
Kepler-1572 b,2016-05
Kepler-1573 b,2016-05
Kepler-1574 b,2016-05
Kepler-1575 b,2016-05
Kepler-1576 b,2016-05
Kepler-1577 b,2016-05
Kepler-1578 b,2016-05
Kepler-1579 b,2016-05
Kepler-158 b,2014-03
Kepler-158 c,2014-03
Kepler-1580 b,2016-05
Kepler-1581 b,2016-05
Kepler-1582 b,2016-05
Kepler-1583 b,2016-05
Kepler-1584 b,2016-05
Kepler-1585 b,2016-05
Kepler-1586 b,2016-05
Kepler-1587 b,2016-05
Kepler-1588 b,2016-05
Kepler-1589 b,2016-05
Kepler-159 b,2014-03
Kepler-159 c,2014-03
Kepler-1590 b,2016-05
Kepler-1591 b,2016-05
Kepler-1592 b,2016-05
Kepler-1593 b,2016-05
Kepler-1594 b,2016-05
Kepler-1595 b,2016-05
Kepler-1596 b,2016-05
Kepler-1597 b,2016-05
Kepler-1598 b,2016-05
Kepler-1599 b,2016-05
Kepler-16 b,2011-09
Kepler-160 b,2014-03
Kepler-160 c,2014-03
Kepler-160 d,2020-06
Kepler-1600 b,2016-05
Kepler-1601 b,2016-05
Kepler-1602 b,2016-05
Kepler-1603 b,2016-05
Kepler-1604 b,2016-05
Kepler-1605 b,2016-05
Kepler-1606 b,2016-05
Kepler-1607 b,2016-05
Kepler-1608 b,2016-05
Kepler-1609 b,2016-05
Kepler-161 b,2014-03
Kepler-161 c,2014-03
Kepler-1610 b,2016-05
Kepler-1611 b,2016-05
Kepler-1612 b,2016-05
Kepler-1613 b,2016-05
Kepler-1614 b,2016-05
Kepler-1615 b,2016-05
Kepler-1616 b,2016-05
Kepler-1617 b,2016-05
Kepler-1618 b,2016-05
Kepler-1619 b,2016-05
Kepler-162 b,2014-03
Kepler-162 c,2014-03
Kepler-1620 b,2016-05
Kepler-1621 b,2016-05
Kepler-1622 b,2016-05
Kepler-1623 b,2016-05
Kepler-1624 b,2016-05
Kepler-1625 b,2016-05
Kepler-1626 b,2016-05
Kepler-1627 b,2016-05
Kepler-1628 b,2016-05
Kepler-1629 b,2016-05
Kepler-163 b,2014-03
Kepler-163 c,2014-03
Kepler-1630 b,2016-05
Kepler-1631 b,2016-05
Kepler-1632 b,2016-05
Kepler-1633 b,2016-05
Kepler-1634 b,2016-05
Kepler-1635 b,2016-05
Kepler-1636 b,2016-05
Kepler-1637 b,2016-05
Kepler-1638 b,2016-05
Kepler-1639 b,2016-05
Kepler-164 b,2014-03
Kepler-164 c,2014-03
Kepler-164 d,2014-03
Kepler-1640 b,2016-05
Kepler-1641 b,2016-05
Kepler-1641 c,2016-05
Kepler-1642 b,2016-05
Kepler-1642 c,2016-05
Kepler-1643 b,2016-05
Kepler-1644 b,2016-05
Kepler-1645 b,2016-05
Kepler-1646 b,2016-05
Kepler-1647 b,2016-08
Kepler-1649 b,2017-04
Kepler-1649 c,2020-04
Kepler-165 b,2014-03
Kepler-165 c,2014-03
Kepler-1650 b,2017-06
Kepler-1651 b,2017-06
Kepler-1652 b,2017-12
Kepler-1653 b,2017-12
Kepler-1654 b,2018-04
Kepler-1655 b,2018-05
Kepler-1656 b,2018-10
Kepler-1658 b,2019-05
Kepler-166 b,2014-03
Kepler-166 c,2014-03
Kepler-166 d,2016-05
Kepler-1661 b,2020-03
Kepler-1663 b,2020-08
Kepler-1664 b,2020-08
Kepler-1665 b,2020-08
Kepler-1666 b,2020-08
Kepler-1666 c,2020-08
Kepler-1667 b,2020-08
Kepler-1668 b,2020-08
Kepler-1669 b,2020-08
Kepler-167 b,2014-03
Kepler-167 c,2014-03
Kepler-167 d,2016-04
Kepler-167 e,2016-04
Kepler-1670 b,2020-08
Kepler-1671 b,2020-08
Kepler-1672 b,2020-08
Kepler-1673 b,2020-08
Kepler-1674 b,2020-08
Kepler-1675 b,2020-08
Kepler-1676 b,2020-08
Kepler-1677 b,2020-08
Kepler-1678 b,2020-08
Kepler-1679 b,2020-08
Kepler-168 b,2014-03
Kepler-168 c,2014-03
Kepler-1680 b,2020-08
Kepler-1681 b,2020-08
Kepler-1682 b,2020-08
Kepler-1683 b,2020-08
Kepler-1684 b,2020-08
Kepler-1685 b,2020-08
Kepler-1686 b,2020-08
Kepler-1687 b,2020-08
Kepler-1688 b,2020-08
Kepler-1689 b,2020-08
Kepler-169 b,2014-03
Kepler-169 c,2014-03
Kepler-169 d,2014-03
Kepler-169 e,2014-03
Kepler-169 f,2014-03
Kepler-1690 b,2020-08
Kepler-1691 b,2020-08
Kepler-1692 b,2020-08
Kepler-1693 b,2020-08
Kepler-1694 b,2020-08
Kepler-1695 b,2020-08
Kepler-1696 b,2020-08
Kepler-1697 b,2020-08
Kepler-1698 b,2020-08
Kepler-1699 b,2020-08
Kepler-17 b,2011-11
Kepler-170 b,2014-03
Kepler-170 c,2014-03
Kepler-1700 b,2020-08
Kepler-1701 b,2020-08
Kepler-1702 b,2020-08
Kepler-171 b,2014-03
Kepler-171 c,2014-03
Kepler-171 d,2014-03
Kepler-172 b,2014-03
Kepler-172 c,2014-03
Kepler-172 d,2014-03
Kepler-172 e,2014-03
Kepler-173 b,2014-03
Kepler-173 c,2014-03
Kepler-174 b,2014-03
Kepler-174 c,2014-03
Kepler-174 d,2014-03
Kepler-175 b,2014-03
Kepler-175 c,2014-03
Kepler-176 b,2014-03
Kepler-176 c,2014-03
Kepler-176 d,2014-03
Kepler-176 e,2016-05
Kepler-177 b,2014-02
Kepler-177 c,2014-02
Kepler-178 b,2014-03
Kepler-178 c,2014-03
Kepler-178 d,2014-03
Kepler-179 b,2014-03
Kepler-179 c,2014-03
Kepler-18 b,2011-11
Kepler-18 c,2011-11
Kepler-18 d,2011-11
Kepler-180 b,2014-03
Kepler-180 c,2014-03
Kepler-181 b,2014-03
Kepler-181 c,2014-03
Kepler-182 b,2014-03
Kepler-182 c,2014-03
Kepler-183 b,2014-03
Kepler-183 c,2014-03
Kepler-184 b,2014-03
Kepler-184 c,2014-03
Kepler-184 d,2014-03
Kepler-185 b,2014-03
Kepler-185 c,2014-03
Kepler-186 b,2014-03
Kepler-186 c,2014-03
Kepler-186 d,2014-03
Kepler-186 e,2014-03
Kepler-186 f,2014-04
Kepler-187 b,2014-03
Kepler-187 c,2014-03
Kepler-188 b,2014-03
Kepler-188 c,2014-03
Kepler-189 b,2014-03
Kepler-189 c,2014-03
Kepler-19 b,2011-12
Kepler-19 c,2011-12
Kepler-19 d,2017-05
Kepler-190 b,2014-03
Kepler-190 c,2014-03
Kepler-191 b,2014-03
Kepler-191 c,2014-03
Kepler-191 d,2016-05
Kepler-192 b,2014-03
Kepler-192 c,2014-03
Kepler-192 d,2016-05
Kepler-193 b,2014-03
Kepler-193 c,2014-03
Kepler-194 b,2014-03
Kepler-194 c,2014-03
Kepler-194 d,2014-03
Kepler-195 b,2014-03
Kepler-195 c,2014-03
Kepler-196 b,2014-03
Kepler-196 c,2014-03
Kepler-197 b,2014-03
Kepler-197 c,2014-03
Kepler-197 d,2014-03
Kepler-197 e,2014-03
Kepler-198 b,2014-03
Kepler-198 c,2014-03
Kepler-198 d,2016-05
Kepler-199 b,2014-03
Kepler-199 c,2014-03
Kepler-20 b,2012-04
Kepler-20 c,2012-04
Kepler-20 d,2012-04
Kepler-20 e,2012-02
Kepler-20 f,2012-02
Kepler-20 g,2016-12
Kepler-200 b,2014-03
Kepler-200 c,2014-03
Kepler-201 b,2014-03
Kepler-201 c,2014-03
Kepler-202 b,2014-03
Kepler-202 c,2014-03
Kepler-203 b,2014-03
Kepler-203 c,2014-03
Kepler-203 d,2014-03
Kepler-204 b,2014-03
Kepler-204 c,2014-03
Kepler-205 b,2014-03
Kepler-205 c,2014-03
Kepler-206 b,2014-03
Kepler-206 c,2014-03
Kepler-206 d,2014-03
Kepler-207 b,2014-03
Kepler-207 c,2014-03
Kepler-207 d,2014-03
Kepler-208 b,2014-03
Kepler-208 c,2014-03
Kepler-208 d,2014-03
Kepler-208 e,2014-03
Kepler-209 b,2014-03
Kepler-209 c,2014-03
Kepler-21 b,2012-02
Kepler-210 b,2014-03
Kepler-210 c,2014-03
Kepler-211 b,2014-03
Kepler-211 c,2014-03
Kepler-212 b,2014-03
Kepler-212 c,2014-03
Kepler-213 b,2014-03
Kepler-213 c,2014-03
Kepler-214 b,2014-03
Kepler-214 c,2014-03
Kepler-215 b,2014-03
Kepler-215 c,2014-03
Kepler-215 d,2014-03
Kepler-215 e,2014-03
Kepler-216 b,2014-03
Kepler-216 c,2014-03
Kepler-217 b,2014-03
Kepler-217 c,2014-03
Kepler-217 d,2016-05
Kepler-218 b,2014-03
Kepler-218 c,2014-03
Kepler-218 d,2016-05
Kepler-219 b,2014-03
Kepler-219 c,2014-03
Kepler-219 d,2014-03
Kepler-22 b,2012-02
Kepler-220 b,2014-03
Kepler-220 c,2014-03
Kepler-220 d,2014-03
Kepler-220 e,2014-03
Kepler-221 b,2014-03
Kepler-221 c,2014-03
Kepler-221 d,2014-03
Kepler-221 e,2014-03
Kepler-222 b,2014-03
Kepler-222 c,2014-03
Kepler-222 d,2014-03
Kepler-223 b,2014-03
Kepler-223 c,2014-03
Kepler-223 d,2014-03
Kepler-223 e,2014-03
Kepler-224 b,2014-03
Kepler-224 c,2014-03
Kepler-224 d,2014-03
Kepler-224 e,2014-03
Kepler-225 b,2014-03
Kepler-225 c,2014-03
Kepler-226 b,2014-03
Kepler-226 c,2014-03
Kepler-226 d,2014-03
Kepler-227 b,2014-03
Kepler-227 c,2014-03
Kepler-228 b,2014-03
Kepler-228 c,2014-03
Kepler-228 d,2014-03
Kepler-229 b,2014-03
Kepler-229 c,2014-03
Kepler-229 d,2014-03
Kepler-23 b,2012-05
Kepler-23 c,2012-05
Kepler-23 d,2014-03
Kepler-230 b,2014-03
Kepler-230 c,2014-03
Kepler-231 b,2014-03
Kepler-231 c,2014-03
Kepler-232 b,2014-03
Kepler-232 c,2014-03
Kepler-233 b,2014-03
Kepler-233 c,2014-03
Kepler-234 b,2014-03
Kepler-234 c,2014-03
Kepler-235 b,2014-03
Kepler-235 c,2014-03
Kepler-235 d,2014-03
Kepler-235 e,2014-03
Kepler-236 b,2014-03
Kepler-236 c,2014-03
Kepler-237 b,2014-03
Kepler-237 c,2014-03
Kepler-238 b,2014-03
Kepler-238 c,2014-03
Kepler-238 d,2014-03
Kepler-238 e,2014-02
Kepler-238 f,2014-02
Kepler-239 b,2014-03
Kepler-239 c,2014-03
Kepler-24 b,2012-05
Kepler-24 c,2012-05
Kepler-24 d,2014-03
Kepler-24 e,2014-03
Kepler-240 b,2014-03
Kepler-240 c,2014-03
Kepler-241 b,2014-03
Kepler-241 c,2014-03
Kepler-242 b,2014-03
Kepler-242 c,2014-03
Kepler-243 b,2014-03
Kepler-243 c,2014-03
Kepler-244 b,2014-03
Kepler-244 c,2014-03
Kepler-244 d,2014-03
Kepler-245 b,2014-03
Kepler-245 c,2014-03
Kepler-245 d,2014-03
Kepler-245 e,2016-05
Kepler-246 b,2014-03
Kepler-246 c,2014-03
Kepler-247 b,2014-03
Kepler-247 c,2014-03
Kepler-247 d,2014-03
Kepler-248 b,2014-03
Kepler-248 c,2014-03
Kepler-249 b,2014-03
Kepler-249 c,2014-03
Kepler-249 d,2014-03
Kepler-25 b,2012-04
Kepler-25 c,2012-04
Kepler-25 d,2014-02
Kepler-250 b,2014-03
Kepler-250 c,2014-03
Kepler-250 d,2014-03
Kepler-251 b,2014-03
Kepler-251 c,2014-03
Kepler-251 d,2014-03
Kepler-251 e,2014-03
Kepler-252 b,2014-03
Kepler-252 c,2014-03
Kepler-253 b,2014-03
Kepler-253 c,2014-03
Kepler-253 d,2014-03
Kepler-254 b,2014-03
Kepler-254 c,2014-03
Kepler-254 d,2014-03
Kepler-255 b,2014-03
Kepler-255 c,2014-03
Kepler-255 d,2016-05
Kepler-256 b,2014-03
Kepler-256 c,2014-03
Kepler-256 d,2014-03
Kepler-256 e,2014-03
Kepler-257 b,2014-03
Kepler-257 c,2014-03
Kepler-257 d,2014-03
Kepler-258 b,2014-03
Kepler-258 c,2014-03
Kepler-259 b,2014-03
Kepler-259 c,2014-03
Kepler-26 b,2012-04
Kepler-26 c,2012-04
Kepler-26 d,2014-03
Kepler-26 e,2014-03
Kepler-260 b,2014-03
Kepler-260 c,2014-03
Kepler-261 b,2014-03
Kepler-261 c,2014-03
Kepler-262 b,2014-03
Kepler-262 c,2014-03
Kepler-263 b,2014-03
Kepler-263 c,2014-03
Kepler-264 b,2014-03
Kepler-264 c,2014-03
Kepler-265 b,2014-03
Kepler-265 c,2014-03
Kepler-265 d,2014-03
Kepler-265 e,2014-03
Kepler-266 b,2014-03
Kepler-266 c,2014-03
Kepler-267 b,2014-03
Kepler-267 c,2014-03
Kepler-267 d,2014-03
Kepler-268 b,2014-03
Kepler-268 c,2014-03
Kepler-269 b,2014-03
Kepler-269 c,2014-03
Kepler-27 b,2012-04
Kepler-27 c,2012-04
Kepler-270 b,2014-03
Kepler-270 c,2014-03
Kepler-271 b,2014-03
Kepler-271 c,2014-03
Kepler-271 d,2016-05
Kepler-272 b,2014-03
Kepler-272 c,2014-03
Kepler-272 d,2014-03
Kepler-273 b,2014-03
Kepler-273 c,2014-03
Kepler-274 b,2014-03
Kepler-274 c,2014-03
Kepler-275 b,2014-03
Kepler-275 c,2014-03
Kepler-275 d,2014-03
Kepler-276 b,2014-03
Kepler-276 c,2014-02
Kepler-276 d,2014-02
Kepler-277 b,2014-02
Kepler-277 c,2014-02
Kepler-278 b,2014-03
Kepler-278 c,2014-03
Kepler-279 b,2014-03
Kepler-279 c,2014-02
Kepler-279 d,2014-02
Kepler-28 b,2012-04
Kepler-28 c,2012-04
Kepler-280 b,2014-03
Kepler-280 c,2014-03
Kepler-281 b,2014-03
Kepler-281 c,2014-03
Kepler-282 b,2014-03
Kepler-282 c,2014-03
Kepler-282 d,2014-02
Kepler-282 e,2014-02
Kepler-283 b,2014-03
Kepler-283 c,2014-03
Kepler-284 b,2014-03
Kepler-284 c,2014-03
Kepler-285 b,2014-03
Kepler-285 c,2014-03
Kepler-286 b,2014-03
Kepler-286 c,2014-03
Kepler-286 d,2014-03
Kepler-286 e,2014-03
Kepler-287 b,2014-03
Kepler-287 c,2014-03
Kepler-288 b,2014-03
Kepler-288 c,2014-03
Kepler-288 d,2014-03
Kepler-289 b,2014-03
Kepler-289 c,2014-03
Kepler-289 d,2014-11
Kepler-29 b,2012-05
Kepler-29 c,2012-05
Kepler-290 b,2014-03
Kepler-290 c,2014-03
Kepler-291 b,2014-03
Kepler-291 c,2014-03
Kepler-292 b,2014-03
Kepler-292 c,2014-03
Kepler-292 d,2014-03
Kepler-292 e,2014-03
Kepler-292 f,2014-03
Kepler-293 b,2014-03
Kepler-293 c,2014-03
Kepler-294 b,2014-03
Kepler-294 c,2014-03
Kepler-295 b,2014-03
Kepler-295 c,2014-03
Kepler-295 d,2014-03
Kepler-296 b,2014-03
Kepler-296 c,2014-03
Kepler-296 d,2014-03
Kepler-296 e,2014-03
Kepler-296 f,2014-03
Kepler-297 b,2014-03
Kepler-297 c,2014-03
Kepler-298 b,2014-03
Kepler-298 c,2014-03
Kepler-298 d,2014-03
Kepler-299 b,2014-03
Kepler-299 c,2014-03
Kepler-299 d,2014-03
Kepler-299 e,2014-03
Kepler-30 b,2012-07
Kepler-30 c,2012-07
Kepler-30 d,2012-07
Kepler-300 b,2014-03
Kepler-300 c,2014-03
Kepler-301 b,2014-03
Kepler-301 c,2014-03
Kepler-301 d,2014-03
Kepler-302 b,2014-03
Kepler-302 c,2014-03
Kepler-303 b,2014-03
Kepler-303 c,2014-03
Kepler-304 b,2014-03
Kepler-304 c,2014-03
Kepler-304 d,2014-03
Kepler-304 e,2016-05
Kepler-305 b,2014-02
Kepler-305 c,2014-02
Kepler-305 d,2014-03
Kepler-305 e,2020-08
Kepler-306 b,2014-03
Kepler-306 c,2014-03
Kepler-306 d,2014-03
Kepler-306 e,2014-03
Kepler-307 b,2014-02
Kepler-307 c,2014-02
Kepler-308 b,2014-03
Kepler-308 c,2014-03
Kepler-309 b,2014-03
Kepler-309 c,2014-03
Kepler-31 b,2012-05
Kepler-31 c,2012-05
Kepler-31 d,2014-03
Kepler-310 b,2014-03
Kepler-310 c,2014-03
Kepler-310 d,2014-03
Kepler-311 b,2014-03
Kepler-311 c,2014-03
Kepler-312 b,2014-03
Kepler-312 c,2014-03
Kepler-313 b,2014-03
Kepler-313 c,2014-03
Kepler-314 b,2014-03
Kepler-314 c,2014-03
Kepler-315 b,2014-03
Kepler-315 c,2014-03
Kepler-316 b,2014-03
Kepler-316 c,2014-03
Kepler-317 b,2014-03
Kepler-317 c,2014-03
Kepler-318 b,2014-03
Kepler-318 c,2014-03
Kepler-319 b,2014-03
Kepler-319 c,2014-03
Kepler-319 d,2014-03
Kepler-32 b,2012-05
Kepler-32 c,2012-05
Kepler-32 d,2013-02
Kepler-32 e,2013-02
Kepler-32 f,2013-02
Kepler-320 b,2014-03
Kepler-320 c,2014-03
Kepler-321 b,2014-03
Kepler-321 c,2014-03
Kepler-322 b,2014-03
Kepler-322 c,2014-03
Kepler-323 b,2014-03
Kepler-323 c,2014-03
Kepler-324 b,2014-03
Kepler-324 c,2014-03
Kepler-325 b,2014-03
Kepler-325 c,2014-03
Kepler-325 d,2014-03
Kepler-326 b,2014-03
Kepler-326 c,2014-03
Kepler-326 d,2014-03
Kepler-327 b,2014-03
Kepler-327 c,2014-03
Kepler-327 d,2014-03
Kepler-328 b,2014-02
Kepler-328 c,2014-02
Kepler-329 b,2014-03
Kepler-329 c,2014-03
Kepler-33 b,2012-05
Kepler-33 c,2012-05
Kepler-33 d,2012-05
Kepler-33 e,2012-05
Kepler-33 f,2012-05
Kepler-330 b,2014-03
Kepler-330 c,2014-03
Kepler-331 b,2014-03
Kepler-331 c,2014-03
Kepler-331 d,2014-03
Kepler-332 b,2014-03
Kepler-332 c,2014-03
Kepler-332 d,2014-03
Kepler-333 b,2014-03
Kepler-333 c,2014-03
Kepler-334 b,2014-03
Kepler-334 c,2014-03
Kepler-334 d,2014-03
Kepler-335 b,2014-03
Kepler-335 c,2014-03
Kepler-336 b,2014-03
Kepler-336 c,2014-03
Kepler-336 d,2014-03
Kepler-337 b,2014-03
Kepler-337 c,2014-03
Kepler-338 b,2014-03
Kepler-338 c,2014-03
Kepler-338 d,2014-03
Kepler-338 e,2014-05
Kepler-339 b,2014-03
Kepler-339 c,2014-03
Kepler-339 d,2014-03
Kepler-34 b,2012-01
Kepler-340 b,2014-03
Kepler-340 c,2014-03
Kepler-341 b,2014-03
Kepler-341 c,2014-03
Kepler-341 d,2014-03
Kepler-341 e,2014-03
Kepler-342 b,2014-03
Kepler-342 c,2014-03
Kepler-342 d,2014-03
Kepler-342 e,2016-05
Kepler-343 b,2014-03
Kepler-343 c,2014-03
Kepler-344 b,2014-03
Kepler-344 c,2014-03
Kepler-345 b,2014-03
Kepler-345 c,2014-03
Kepler-346 b,2014-03
Kepler-346 c,2014-03
Kepler-347 b,2014-03
Kepler-347 c,2014-03
Kepler-348 b,2014-03
Kepler-348 c,2014-03
Kepler-349 b,2014-03
Kepler-349 c,2014-03
Kepler-35 b,2012-01
Kepler-350 b,2014-03
Kepler-350 c,2014-02
Kepler-350 d,2014-02
Kepler-351 b,2014-03
Kepler-351 c,2014-03
Kepler-351 d,2016-05
Kepler-352 b,2014-03
Kepler-352 c,2014-03
Kepler-353 b,2014-03
Kepler-353 c,2014-03
Kepler-354 b,2014-03
Kepler-354 c,2014-03
Kepler-354 d,2014-03
Kepler-355 b,2014-03
Kepler-355 c,2014-03
Kepler-356 b,2014-03
Kepler-356 c,2014-03
Kepler-357 b,2014-03
Kepler-357 c,2014-03
Kepler-357 d,2014-03
Kepler-358 b,2014-03
Kepler-358 c,2014-03
Kepler-359 b,2014-03
Kepler-359 c,2014-03
Kepler-359 d,2014-03
Kepler-36 b,2012-08
Kepler-36 c,2012-08
Kepler-360 b,2014-03
Kepler-360 c,2014-03
Kepler-361 b,2014-03
Kepler-361 c,2014-03
Kepler-362 b,2014-03
Kepler-362 c,2014-03
Kepler-363 b,2014-03
Kepler-363 c,2014-03
Kepler-363 d,2014-03
Kepler-364 b,2014-03
Kepler-364 c,2014-03
Kepler-365 b,2014-03
Kepler-365 c,2014-03
Kepler-366 b,2014-03
Kepler-366 c,2014-03
Kepler-367 b,2014-03
Kepler-367 c,2014-03
Kepler-368 b,2014-03
Kepler-368 c,2014-03
Kepler-369 b,2014-03
Kepler-369 c,2014-03
Kepler-37 b,2013-02
Kepler-37 c,2013-02
Kepler-37 d,2013-02
Kepler-37 e,2014-05
Kepler-370 b,2014-03
Kepler-370 c,2014-03
Kepler-371 b,2014-03
Kepler-371 c,2014-03
Kepler-372 b,2014-03
Kepler-372 c,2014-03
Kepler-372 d,2014-03
Kepler-373 b,2014-03
Kepler-373 c,2014-03
Kepler-374 b,2014-03
Kepler-374 c,2014-03
Kepler-374 d,2014-03
Kepler-375 b,2014-03
Kepler-375 c,2014-03
Kepler-376 b,2014-03
Kepler-376 c,2014-03
Kepler-377 b,2014-03
Kepler-377 c,2014-03
Kepler-378 b,2014-03
Kepler-378 c,2014-03
Kepler-379 b,2014-03
Kepler-379 c,2014-03
Kepler-38 b,2012-10
Kepler-380 b,2014-03
Kepler-380 c,2014-03
Kepler-381 b,2014-03
Kepler-381 c,2014-03
Kepler-382 b,2014-03
Kepler-382 c,2014-03
Kepler-383 b,2014-03
Kepler-383 c,2014-03
Kepler-384 b,2014-03
Kepler-384 c,2014-03
Kepler-385 b,2014-03
Kepler-385 c,2014-03
Kepler-385 d,2020-08
Kepler-386 b,2014-03
Kepler-386 c,2014-03
Kepler-387 b,2014-03
Kepler-387 c,2014-03
Kepler-388 b,2014-03
Kepler-388 c,2014-03
Kepler-389 b,2014-03
Kepler-389 c,2014-03
Kepler-39 b,2011-09
Kepler-390 b,2014-03
Kepler-390 c,2014-03
Kepler-391 b,2014-03
Kepler-391 c,2014-03
Kepler-392 b,2014-03
Kepler-392 c,2014-03
Kepler-393 b,2014-03
Kepler-393 c,2014-03
Kepler-394 b,2014-03
Kepler-394 c,2014-03
Kepler-395 b,2014-03
Kepler-395 c,2014-03
Kepler-396 b,2014-02
Kepler-396 c,2014-02
Kepler-397 b,2014-03
Kepler-397 c,2014-03
Kepler-398 b,2014-03
Kepler-398 c,2014-03
Kepler-398 d,2016-05
Kepler-399 b,2014-03
Kepler-399 c,2014-03
Kepler-399 d,2014-03
Kepler-4 b,2010-04
Kepler-40 b,2011-04
Kepler-400 b,2014-03
Kepler-400 c,2014-03
Kepler-401 b,2014-03
Kepler-401 c,2014-03
Kepler-401 d,2016-05
Kepler-402 b,2014-03
Kepler-402 c,2014-03
Kepler-402 d,2014-03
Kepler-402 e,2014-03
Kepler-403 b,2014-03
Kepler-403 c,2014-03
Kepler-403 d,2016-05
Kepler-404 b,2014-03
Kepler-404 c,2014-03
Kepler-405 b,2014-03
Kepler-405 c,2014-03
Kepler-406 b,2014-02
Kepler-406 c,2014-02
Kepler-407 b,2014-02
Kepler-407 c,2014-02
Kepler-408 b,2014-02
Kepler-409 b,2014-02
Kepler-41 b,2011-12
Kepler-410 A b,2014-02
Kepler-411 b,2014-03
Kepler-411 c,2016-05
Kepler-411 d,2019-04
Kepler-411 e,2019-04
Kepler-412 b,2014-04
Kepler-413 b,2014-03
Kepler-414 b,2014-05
Kepler-414 c,2014-05
Kepler-415 b,2014-05
Kepler-415 c,2014-05
Kepler-416 b,2014-05
Kepler-416 c,2014-05
Kepler-417 b,2014-05
Kepler-417 c,2014-05
Kepler-418 b,2014-07
Kepler-419 b,2014-08
Kepler-419 c,2014-08
Kepler-42 b,2012-03
Kepler-42 c,2012-03
Kepler-42 d,2012-03
Kepler-421 b,2014-07
Kepler-422 b,2014-11
Kepler-423 b,2014-11
Kepler-424 b,2014-11
Kepler-424 c,2014-11
Kepler-425 b,2014-12
Kepler-426 b,2014-12
Kepler-427 b,2014-12
Kepler-428 b,2014-12
Kepler-43 b,2012-02
Kepler-430 b,2015-02
Kepler-430 c,2015-02
Kepler-431 b,2015-02
Kepler-431 c,2015-02
Kepler-431 d,2015-02
Kepler-432 b,2015-01
Kepler-432 c,2015-04
Kepler-433 b,2015-03
Kepler-434 b,2015-03
Kepler-435 b,2015-03
Kepler-436 b,2015-02
Kepler-436 c,2016-05
Kepler-437 b,2015-02
Kepler-438 b,2015-02
Kepler-439 b,2015-02
Kepler-44 b,2012-02
Kepler-440 b,2015-02
Kepler-441 b,2015-02
Kepler-442 b,2015-02
Kepler-443 b,2015-02
Kepler-444 b,2015-02
Kepler-444 c,2015-02
Kepler-444 d,2015-02
Kepler-444 e,2015-02
Kepler-444 f,2015-02
Kepler-445 b,2015-03
Kepler-445 c,2015-03
Kepler-445 d,2015-03
Kepler-446 b,2015-03
Kepler-446 c,2015-03
Kepler-446 d,2015-03
Kepler-447 b,2015-05
Kepler-448 c,2017-08
Kepler-449 b,2015-08
Kepler-449 c,2015-08
Kepler-45 b,2012-05
Kepler-450 b,2015-08
Kepler-450 c,2015-08
Kepler-450 d,2015-08
Kepler-452 b,2015-08
Kepler-453 b,2015-08
Kepler-454 b,2016-01
Kepler-454 c,2016-01
Kepler-458 c,2016-05
Kepler-46 b,2012-06
Kepler-46 c,2012-06
Kepler-46 d,2014-03
Kepler-460 c,2016-05
Kepler-461 b,2016-05
Kepler-462 b,2016-05
Kepler-462 c,2020-09
Kepler-463 b,2016-05
Kepler-464 b,2016-05
Kepler-465 b,2016-05
Kepler-466 b,2016-05
Kepler-466 c,2016-05
Kepler-467 b,2016-05
Kepler-468 b,2016-05
Kepler-47 b,2012-09
Kepler-47 c,2012-09
Kepler-47 d,2019-05
Kepler-470 b,2016-05
Kepler-471 b,2016-05
Kepler-472 b,2016-05
Kepler-473 b,2016-05
Kepler-474 b,2016-05
Kepler-475 b,2016-05
Kepler-476 b,2016-05
Kepler-477 b,2016-05
Kepler-478 b,2016-05
Kepler-479 b,2016-05
Kepler-48 b,2013-01
Kepler-48 c,2013-01
Kepler-48 d,2014-02
Kepler-48 e,2014-02
Kepler-480 b,2016-05
Kepler-481 b,2016-05
Kepler-482 b,2016-05
Kepler-483 b,2016-05
Kepler-484 b,2016-05
Kepler-485 b,2016-05
Kepler-486 b,2016-05
Kepler-487 b,2016-05
Kepler-487 c,2016-05
Kepler-488 b,2016-05
Kepler-489 b,2016-05
Kepler-49 b,2013-01
Kepler-49 c,2013-01
Kepler-49 d,2014-03
Kepler-49 e,2014-03
Kepler-490 b,2016-05
Kepler-491 b,2016-05
Kepler-492 b,2016-05
Kepler-493 b,2016-05
Kepler-494 b,2016-05
Kepler-495 b,2016-05
Kepler-496 b,2016-05
Kepler-497 b,2016-05
Kepler-498 b,2016-05
Kepler-499 b,2016-05
Kepler-5 b,2010-04
Kepler-50 b,2013-01
Kepler-50 c,2013-01
Kepler-500 b,2016-05
Kepler-501 b,2016-05
Kepler-502 b,2016-05
Kepler-504 b,2016-05
Kepler-505 b,2016-05
Kepler-506 b,2016-05
Kepler-507 b,2016-05
Kepler-508 b,2016-05
Kepler-509 b,2016-05
Kepler-51 b,2013-01
Kepler-51 c,2013-01
Kepler-51 d,2014-03
Kepler-510 b,2016-05
Kepler-511 b,2016-05
Kepler-512 b,2016-05
Kepler-513 b,2016-05
Kepler-514 b,2016-05
Kepler-515 b,2016-05
Kepler-516 b,2016-05
Kepler-517 b,2016-05
Kepler-518 b,2016-05
Kepler-519 b,2016-05
Kepler-52 b,2013-01
Kepler-52 c,2013-01
Kepler-52 d,2014-03
Kepler-520 b,2016-05
Kepler-520 c,2016-05
Kepler-521 b,2016-05
Kepler-522 b,2016-05
Kepler-523 b,2016-05
Kepler-524 b,2016-05
Kepler-524 c,2016-05
Kepler-525 b,2016-05
Kepler-526 b,2016-05
Kepler-527 b,2016-05
Kepler-528 b,2016-05
Kepler-529 b,2016-05
Kepler-529 c,2016-05
Kepler-53 b,2013-01
Kepler-53 c,2013-01
Kepler-53 d,2014-03
Kepler-530 b,2016-05
Kepler-531 b,2016-05
Kepler-532 b,2016-05
Kepler-533 b,2016-05
Kepler-534 b,2016-05
Kepler-535 b,2016-05
Kepler-536 b,2016-05
Kepler-537 b,2016-05
Kepler-538 b,2016-05
Kepler-539 b,2016-05
Kepler-539 c,2016-05
Kepler-54 b,2013-01
Kepler-54 c,2013-01
Kepler-54 d,2014-03
Kepler-540 b,2016-05
Kepler-541 b,2016-05
Kepler-542 b,2016-05
Kepler-543 b,2016-05
Kepler-544 b,2016-05
Kepler-545 b,2016-05
Kepler-546 b,2016-05
Kepler-547 b,2016-05
Kepler-548 b,2016-05
Kepler-549 b,2016-05
Kepler-549 c,2016-05
Kepler-55 b,2013-01
Kepler-55 c,2013-01
Kepler-55 d,2014-03
Kepler-55 e,2014-03
Kepler-55 f,2014-03
Kepler-550 b,2016-05
Kepler-551 b,2016-05
Kepler-552 b,2016-05
Kepler-553 b,2016-05
Kepler-553 c,2016-05
Kepler-554 b,2016-05
Kepler-555 b,2016-05
Kepler-556 b,2016-05
Kepler-557 b,2016-05
Kepler-558 b,2016-05
Kepler-559 b,2016-05
Kepler-56 b,2013-01
Kepler-56 c,2013-01
Kepler-56 d,2016-12
Kepler-560 b,2017-06
Kepler-561 b,2016-05
Kepler-561 c,2016-05
Kepler-562 b,2016-05
Kepler-563 b,2016-05
Kepler-564 b,2016-05
Kepler-565 b,2016-05
Kepler-566 b,2016-05
Kepler-567 b,2016-05
Kepler-568 b,2016-05
Kepler-569 b,2016-05
Kepler-57 b,2013-01
Kepler-57 c,2013-01
Kepler-570 b,2016-05
Kepler-571 b,2016-05
Kepler-572 b,2016-05
Kepler-573 b,2016-05
Kepler-574 b,2016-05
Kepler-575 b,2016-05
Kepler-576 b,2016-05
Kepler-577 b,2016-05
Kepler-578 b,2016-05
Kepler-579 b,2016-05
Kepler-58 b,2013-01
Kepler-58 c,2013-01
Kepler-58 d,2014-03
Kepler-580 b,2016-05
Kepler-581 b,2016-05
Kepler-582 b,2016-05
Kepler-583 b,2016-05
Kepler-584 b,2016-05
Kepler-585 b,2016-05
Kepler-586 b,2016-05
Kepler-587 b,2016-05
Kepler-588 b,2016-05
Kepler-589 b,2016-05
Kepler-59 b,2013-01
Kepler-59 c,2013-01
Kepler-590 b,2016-05
Kepler-591 b,2016-05
Kepler-592 b,2016-05
Kepler-593 b,2016-05
Kepler-594 b,2016-05
Kepler-595 b,2016-05
Kepler-595 c,2020-11
Kepler-596 b,2016-05
Kepler-597 b,2016-05
Kepler-598 b,2016-05
Kepler-598 c,2020-08
Kepler-599 b,2016-05
Kepler-6 b,2010-04
Kepler-60 b,2013-01
Kepler-60 c,2013-01
Kepler-60 d,2013-01
Kepler-600 b,2016-05
Kepler-601 b,2016-05
Kepler-602 b,2016-05
Kepler-603 b,2016-05
Kepler-603 c,2016-05
Kepler-603 d,2016-05
Kepler-604 b,2016-05
Kepler-605 b,2016-05
Kepler-605 c,2016-05
Kepler-606 b,2016-05
Kepler-607 b,2016-05
Kepler-608 b,2016-05
Kepler-609 b,2016-05
Kepler-61 b,2013-08
Kepler-610 b,2016-05
Kepler-610 c,2016-05
Kepler-611 b,2016-05
Kepler-612 b,2016-05
Kepler-613 b,2016-05
Kepler-614 b,2016-05
Kepler-615 b,2016-05
Kepler-616 b,2016-05
Kepler-616 c,2016-05
Kepler-617 b,2016-05
Kepler-618 b,2016-05
Kepler-619 b,2016-05
Kepler-619 c,2016-05
Kepler-62 b,2013-05
Kepler-62 c,2013-05
Kepler-62 d,2013-05
Kepler-62 e,2013-05
Kepler-62 f,2013-05
Kepler-620 b,2016-05
Kepler-621 b,2016-05
Kepler-622 b,2016-05
Kepler-623 b,2016-05
Kepler-624 b,2016-05
Kepler-625 b,2016-05
Kepler-625 c,2016-05
Kepler-626 b,2016-05
Kepler-627 b,2016-05
Kepler-628 b,2016-05
Kepler-629 b,2016-05
Kepler-63 b,2013-09
Kepler-630 b,2016-05
Kepler-631 b,2016-05
Kepler-632 b,2016-05
Kepler-633 b,2016-05
Kepler-634 b,2016-05
Kepler-635 b,2016-05
Kepler-636 b,2016-05
Kepler-637 b,2016-05
Kepler-638 b,2016-05
Kepler-639 b,2016-05
Kepler-640 b,2016-05
Kepler-641 b,2016-05
Kepler-642 b,2016-05
Kepler-643 b,2016-05
Kepler-644 b,2016-05
Kepler-645 b,2016-05
Kepler-646 b,2016-05
Kepler-647 b,2016-05
Kepler-647 c,2020-08
Kepler-648 b,2016-05
Kepler-649 b,2016-05
Kepler-65 b,2013-04
Kepler-65 c,2013-04
Kepler-65 d,2013-04
Kepler-65 e,2019-04
Kepler-650 b,2016-05
Kepler-651 b,2016-05
Kepler-652 b,2016-05
Kepler-653 b,2016-05
Kepler-653 c,2016-05
Kepler-654 b,2016-05
Kepler-655 b,2016-05
Kepler-656 b,2016-05
Kepler-657 b,2016-05
Kepler-658 b,2016-05
Kepler-659 b,2016-05
Kepler-66 b,2013-07
Kepler-660 b,2016-05
Kepler-661 b,2016-05
Kepler-662 b,2016-05
Kepler-663 b,2016-05
Kepler-664 b,2016-05
Kepler-665 b,2016-05
Kepler-666 b,2016-05
Kepler-667 b,2016-05
Kepler-668 b,2016-05
Kepler-669 b,2016-05
Kepler-67 b,2013-07
Kepler-670 b,2016-05
Kepler-671 b,2016-05
Kepler-672 b,2016-05
Kepler-673 b,2016-05
Kepler-674 b,2016-05
Kepler-675 b,2016-05
Kepler-676 b,2016-05
Kepler-677 b,2016-05
Kepler-678 b,2016-05
Kepler-679 b,2016-05
Kepler-68 b,2013-03
Kepler-68 c,2013-03
Kepler-68 d,2013-03
Kepler-680 b,2016-05
Kepler-681 b,2016-05
Kepler-682 b,2016-05
Kepler-683 b,2016-05
Kepler-684 b,2016-05
Kepler-685 b,2016-05
Kepler-686 b,2016-05
Kepler-687 b,2016-05
Kepler-688 b,2016-05
Kepler-689 b,2016-05
Kepler-69 b,2013-05
Kepler-69 c,2013-05
Kepler-690 b,2016-05
Kepler-691 b,2016-05
Kepler-692 b,2016-05
Kepler-693 b,2016-05
Kepler-694 b,2016-05
Kepler-695 b,2016-05
Kepler-696 b,2016-05
Kepler-697 b,2016-05
Kepler-698 b,2016-05
Kepler-699 b,2016-05
Kepler-7 b,2010-04
Kepler-700 b,2016-05
Kepler-701 b,2016-05
Kepler-702 b,2016-05
Kepler-703 b,2016-05
Kepler-704 b,2016-05
Kepler-705 b,2016-05
Kepler-706 b,2016-05
Kepler-707 b,2016-05
Kepler-708 b,2016-05
Kepler-709 b,2016-05
Kepler-710 b,2016-05
Kepler-711 b,2016-05
Kepler-712 b,2016-05
Kepler-712 c,2016-05
Kepler-713 b,2016-05
Kepler-714 b,2016-05
Kepler-715 b,2016-05
Kepler-716 b,2016-05
Kepler-716 c,2020-08
Kepler-717 b,2016-05
Kepler-718 b,2016-05
Kepler-719 b,2016-05
Kepler-720 b,2016-05
Kepler-721 b,2016-05
Kepler-722 b,2016-05
Kepler-722 c,2016-05
Kepler-723 b,2016-05
Kepler-724 b,2016-05
Kepler-725 b,2016-05
Kepler-726 b,2016-05
Kepler-727 b,2016-05
Kepler-728 b,2016-05
Kepler-729 b,2016-05
Kepler-730 b,2016-05
Kepler-730 c,2019-01
Kepler-731 b,2016-05
Kepler-732 b,2016-05
Kepler-732 c,2016-05
Kepler-733 b,2016-05
Kepler-734 b,2016-05
Kepler-735 b,2016-05
Kepler-736 b,2016-05
Kepler-737 b,2016-05
Kepler-738 b,2016-05
Kepler-739 b,2016-05
Kepler-74 b,2013-06
Kepler-740 b,2016-05
Kepler-741 b,2016-05
Kepler-742 b,2016-05
Kepler-743 b,2016-05
Kepler-744 b,2016-05
Kepler-745 b,2016-05
Kepler-746 b,2016-05
Kepler-747 b,2016-05
Kepler-748 b,2016-05
Kepler-749 b,2016-05
Kepler-75 b,2013-06
Kepler-750 b,2016-05
Kepler-750 c,2016-05
Kepler-751 b,2016-05
Kepler-752 b,2016-05
Kepler-753 b,2016-05
Kepler-754 b,2016-05
Kepler-755 b,2016-05
Kepler-755 c,2016-05
Kepler-756 b,2016-05
Kepler-757 b,2016-05
Kepler-758 b,2016-05
Kepler-758 c,2016-05
Kepler-758 d,2016-05
Kepler-758 e,2016-05
Kepler-759 b,2016-05
Kepler-76 b,2013-07
Kepler-760 b,2016-05
Kepler-760 c,2016-05
Kepler-761 b,2016-05
Kepler-762 b,2016-05
Kepler-763 b,2016-05
Kepler-764 b,2016-05
Kepler-765 b,2016-05
Kepler-766 b,2016-05
Kepler-767 b,2016-05
Kepler-768 b,2016-05
Kepler-769 b,2016-05
Kepler-769 c,2016-05
Kepler-77 b,2013-09
Kepler-770 b,2016-05
Kepler-770 c,2016-05
Kepler-770 d,2016-05
Kepler-771 b,2016-05
Kepler-772 b,2016-05
Kepler-773 b,2016-05
Kepler-774 b,2016-05
Kepler-775 b,2016-05
Kepler-776 b,2016-05
Kepler-777 b,2016-05
Kepler-778 b,2016-05
Kepler-779 b,2016-05
Kepler-78 b,2013-09
Kepler-780 b,2016-05
Kepler-781 b,2016-05
Kepler-782 b,2016-05
Kepler-783 b,2016-05
Kepler-783 c,2020-08
Kepler-784 b,2016-05
Kepler-785 b,2016-05
Kepler-786 b,2016-05
Kepler-787 b,2016-05
Kepler-788 b,2016-05
Kepler-789 b,2016-05
Kepler-79 b,2013-10
Kepler-79 c,2013-10
Kepler-79 d,2014-03
Kepler-79 e,2014-03
Kepler-790 b,2016-05
Kepler-791 b,2016-05
Kepler-792 b,2016-05
Kepler-793 b,2016-05
Kepler-794 b,2016-05
Kepler-795 b,2016-05
Kepler-796 b,2016-05
Kepler-797 b,2016-05
Kepler-798 b,2016-05
Kepler-799 b,2016-05
Kepler-8 b,2010-12
Kepler-80 b,2013-10
Kepler-80 c,2013-10
Kepler-80 d,2014-03
Kepler-80 e,2014-03
Kepler-80 f,2016-05
Kepler-80 g,2018-02
Kepler-800 b,2016-05
Kepler-801 b,2016-05
Kepler-802 b,2016-05
Kepler-803 b,2016-05
Kepler-804 b,2016-05
Kepler-804 c,2016-05
Kepler-805 b,2016-05
Kepler-806 b,2016-05
Kepler-807 b,2016-05
Kepler-808 b,2016-05
Kepler-809 b,2016-05
Kepler-81 b,2013-10
Kepler-81 c,2013-10
Kepler-81 d,2014-03
Kepler-810 b,2016-05
Kepler-811 b,2016-05
Kepler-812 b,2016-05
Kepler-813 b,2016-05
Kepler-814 b,2016-05
Kepler-815 b,2016-05
Kepler-816 b,2016-05
Kepler-817 b,2016-05
Kepler-818 b,2016-05
Kepler-819 b,2016-05
Kepler-82 b,2013-10
Kepler-82 c,2013-10
Kepler-82 d,2014-03
Kepler-82 e,2014-03
Kepler-82 f,2019-08
Kepler-820 b,2016-05
Kepler-821 b,2016-05
Kepler-822 b,2016-05
Kepler-823 b,2016-05
Kepler-824 b,2016-05
Kepler-825 b,2016-05
Kepler-825 c,2016-05
Kepler-826 b,2016-05
Kepler-827 b,2016-05
Kepler-828 b,2016-05
Kepler-829 b,2016-05
Kepler-83 b,2013-10
Kepler-83 c,2013-10
Kepler-83 d,2014-03
Kepler-830 b,2016-05
Kepler-831 b,2016-05
Kepler-832 b,2016-05
Kepler-833 b,2016-05
Kepler-834 b,2016-05
Kepler-835 b,2016-05
Kepler-836 b,2016-05
Kepler-837 b,2016-05
Kepler-838 b,2016-05
Kepler-839 b,2016-05
Kepler-84 b,2013-10
Kepler-84 c,2013-10
Kepler-84 d,2014-03
Kepler-84 e,2014-03
Kepler-84 f,2014-03
Kepler-840 b,2016-05
Kepler-841 b,2016-05
Kepler-842 b,2016-05
Kepler-843 b,2016-05
Kepler-844 b,2016-05
Kepler-845 b,2016-05
Kepler-846 b,2016-05
Kepler-847 b,2016-05
Kepler-848 b,2016-05
Kepler-849 b,2016-05
Kepler-85 b,2013-10
Kepler-85 c,2013-10
Kepler-85 d,2014-03
Kepler-85 e,2014-03
Kepler-850 b,2016-05
Kepler-851 b,2016-05
Kepler-852 b,2016-05
Kepler-853 b,2016-05
Kepler-854 b,2016-05
Kepler-855 b,2016-05
Kepler-856 b,2016-05
Kepler-857 b,2016-05
Kepler-858 b,2016-05
Kepler-859 b,2016-05
Kepler-860 b,2016-05
Kepler-861 b,2016-05
Kepler-862 b,2016-05
Kepler-863 b,2016-05
Kepler-864 b,2016-05
Kepler-865 b,2016-05
Kepler-866 b,2016-05
Kepler-867 b,2016-05
Kepler-868 b,2016-05
Kepler-869 b,2016-05
Kepler-87 b,2014-01
Kepler-87 c,2014-01
Kepler-870 b,2016-05
Kepler-871 b,2016-05
Kepler-872 b,2016-05
Kepler-873 b,2016-05
Kepler-874 b,2016-05
Kepler-875 b,2016-05
Kepler-876 b,2016-05
Kepler-877 b,2016-05
Kepler-878 b,2016-05
Kepler-879 b,2016-05
Kepler-88 d,2020-05
Kepler-880 b,2016-05
Kepler-881 b,2016-05
Kepler-882 b,2016-05
Kepler-883 b,2016-05
Kepler-884 b,2016-05
Kepler-885 b,2016-05
Kepler-886 b,2016-05
Kepler-887 b,2016-05
Kepler-887 c,2016-05
Kepler-888 b,2016-05
Kepler-889 b,2016-05
Kepler-890 b,2016-05
Kepler-891 b,2016-05
Kepler-892 b,2016-05
Kepler-893 b,2016-05
Kepler-894 b,2016-05
Kepler-895 b,2016-05
Kepler-896 b,2016-05
Kepler-897 b,2016-05
Kepler-898 b,2016-05
Kepler-899 b,2016-05
Kepler-9 b,2010-10
Kepler-9 c,2010-10
Kepler-9 d,2011-01
Kepler-90 i,2018-02
Kepler-900 b,2016-05
Kepler-901 b,2016-05
Kepler-902 b,2016-05
Kepler-903 b,2016-05
Kepler-903 c,2016-05
Kepler-904 b,2016-05
Kepler-905 b,2016-05
Kepler-906 b,2016-05
Kepler-907 b,2016-05
Kepler-908 b,2016-05
Kepler-909 b,2016-05
Kepler-91 b,2014-02
Kepler-910 b,2016-05
Kepler-911 b,2016-05
Kepler-912 b,2016-05
Kepler-913 b,2016-05
Kepler-914 b,2016-05
Kepler-915 b,2016-05
Kepler-916 b,2016-05
Kepler-917 b,2016-05
Kepler-918 b,2016-05
Kepler-919 b,2016-05
Kepler-92 b,2014-02
Kepler-92 c,2014-02
Kepler-92 d,2015-08
Kepler-920 b,2016-05
Kepler-920 c,2016-05
Kepler-921 b,2016-05
Kepler-922 b,2016-05
Kepler-923 b,2016-05
Kepler-924 b,2016-05
Kepler-925 b,2016-05
Kepler-926 b,2016-05
Kepler-927 b,2016-05
Kepler-928 b,2016-05
Kepler-929 b,2016-05
Kepler-93 b,2014-02
Kepler-93 c,2014-02
Kepler-930 b,2016-05
Kepler-931 b,2016-05
Kepler-932 b,2016-05
Kepler-933 b,2016-05
Kepler-934 b,2016-05
Kepler-935 b,2016-05
Kepler-936 b,2016-05
Kepler-937 b,2016-05
Kepler-937 c,2016-05
Kepler-938 b,2016-05
Kepler-939 b,2016-05
Kepler-94 b,2014-02
Kepler-94 c,2014-02
Kepler-940 b,2016-05
Kepler-941 b,2016-05
Kepler-942 b,2016-05
Kepler-943 b,2016-05
Kepler-944 b,2016-05
Kepler-945 b,2016-05
Kepler-946 b,2016-05
Kepler-947 b,2016-05
Kepler-948 b,2016-05
Kepler-949 b,2016-05
Kepler-95 b,2014-02
Kepler-950 b,2016-05
Kepler-951 b,2016-05
Kepler-952 b,2016-05
Kepler-953 b,2016-05
Kepler-953 c,2016-05
Kepler-954 b,2016-05
Kepler-955 b,2016-05
Kepler-956 b,2016-05
Kepler-957 b,2016-05
Kepler-958 b,2016-05
Kepler-959 b,2016-05
Kepler-96 b,2014-02
Kepler-960 b,2016-05
Kepler-961 b,2016-05
Kepler-962 b,2016-05
Kepler-963 b,2016-05
Kepler-964 b,2016-05
Kepler-965 b,2016-05
Kepler-966 b,2016-05
Kepler-967 b,2016-05
Kepler-967 c,2016-05
Kepler-968 b,2016-05
Kepler-968 c,2016-05
Kepler-969 b,2016-05
Kepler-969 c,2016-05
Kepler-97 b,2014-02
Kepler-97 c,2014-02
Kepler-970 b,2016-05
Kepler-971 b,2016-05
Kepler-972 b,2016-05
Kepler-973 b,2016-05
Kepler-974 b,2016-05
Kepler-975 b,2016-05
Kepler-976 b,2016-05
Kepler-977 b,2016-05
Kepler-978 b,2016-05
Kepler-979 b,2016-05
Kepler-98 b,2014-02
Kepler-980 b,2016-05
Kepler-981 b,2016-05
Kepler-982 b,2016-05
Kepler-983 b,2016-05
Kepler-984 b,2016-05
Kepler-985 b,2016-05
Kepler-986 b,2016-05
Kepler-987 b,2016-05
Kepler-988 b,2016-05
Kepler-989 b,2016-05
Kepler-99 b,2014-02
Kepler-990 b,2016-05
Kepler-990 c,2016-05
Kepler-991 b,2016-05
Kepler-992 b,2016-05
Kepler-993 b,2016-05
Kepler-994 b,2016-05
Kepler-995 b,2016-05
Kepler-996 b,2016-05
Kepler-997 b,2016-05
Kepler-998 b,2016-05
Kepler-999 b,2016-05
L 168-9 b,2020-04
L 98-59 b,2019-07
L 98-59 c,2019-07
L 98-59 d,2019-07
LHS 1140 b,2017-04
LHS 1140 c,2019-01
LHS 1815 b,2020-04
LHS 3844 b,2019-02
LP 714-47 b,2020-11
LP 791-18 b,2019-09
LP 791-18 c,2019-09
LSPM J2116+0234 b,2019-07
LTT 1445 A b,2019-10
LTT 3780 b,2020-07
LTT 3780 c,2020-07
LTT 9779 b,2020-09
LkCa 15 b,2015-11
LkCa 15 c,2015-11
Lupus-TR-3 b,2008-03
MASCARA-1 b,2017-10
MASCARA-4 b,2020-03
MOA-2007-BLG-192L b,2008-09
MOA-2007-BLG-400L b,2009-06
MOA-2008-BLG-310L b,2010-03
MOA-2008-BLG-379L b,2014-01
MOA-2009-BLG-266L b,2011-11
MOA-2009-BLG-319L b,2011-02
MOA-2009-BLG-387L b,2011-05
MOA-2010-BLG-073L b,2013-01
MOA-2010-BLG-117L b,2018-03
MOA-2010-BLG-328L b,2013-12
MOA-2010-BLG-353L b,2015-11
MOA-2010-BLG-477L b,2012-07
MOA-2011-BLG-028L b,2016-03
MOA-2011-BLG-262L b,2014-04
MOA-2011-BLG-291L b,2018-09
MOA-2011-BLG-293L b,2012-08
MOA-2011-BLG-322L b,2014-03
MOA-2012-BLG-006L b,2017-08
MOA-2012-BLG-505L b,2017-07
MOA-2013-BLG-220L b,2014-07
MOA-2013-BLG-605L b,2016-07
MOA-2015-BLG-337L b,2018-09
MOA-2016-BLG-227L b,2017-07
MOA-2016-BLG-319L b,2018-11
MOA-bin-1L b,2012-10
MOA-bin-29 b,2019-12
MXB 1658-298 b,2017-06
NGC 2682 Sand 364 b,2014-01
NGC 2682 Sand 978 b,2017-07
NGC 2682 YBP 1194 b,2014-01
NGC 2682 YBP 1514 b,2014-01
NGC 2682 YBP 401 b,2016-07
NGTS-1 b,2018-04
NGTS-10 b,2020-03
NGTS-11 b,2020-04
NGTS-12 b,2020-09
NGTS-13 b,2021-01
NGTS-2 b,2018-12
NGTS-3 A b,2018-08
NGTS-4 b,2019-07
NGTS-5 b,2019-05
NGTS-6 b,2019-11
NGTS-8 b,2020-01
NGTS-9 b,2020-01
NN Ser c,2010-10
NN Ser d,2010-10
NSVS 14256825 b,2019-09
NY Vir b,2012-02
NY Vir c,2019-05
OGLE-2003-BLG-235L b,2004-05
OGLE-2005-BLG-071L b,2005-08
OGLE-2005-BLG-169L b,2006-06
OGLE-2005-BLG-390L b,2006-01
OGLE-2006-BLG-109L b,2008-00
OGLE-2006-BLG-109L c,2008-00
OGLE-2007-BLG-349L AB c,2016-11
OGLE-2007-BLG-368L b,2010-02
OGLE-2008-BLG-092L b,2014-11
OGLE-2008-BLG-355L b,2014-06
OGLE-2011-BLG-0173L b,2018-09
OGLE-2011-BLG-0251L b,2013-04
OGLE-2011-BLG-0265L b,2015-05
OGLE-2012-BLG-0026L b,2013-01
OGLE-2012-BLG-0026L c,2013-01
OGLE-2012-BLG-0358L b,2013-11
OGLE-2012-BLG-0406L b,2014-02
OGLE-2012-BLG-0563L b,2015-08
OGLE-2012-BLG-0724L b,2016-06
OGLE-2012-BLG-0838L b,2020-06
OGLE-2012-BLG-0950L b,2017-01
OGLE-2013-BLG-0102L b,2015-01
OGLE-2013-BLG-0132L b,2017-11
OGLE-2013-BLG-0341L B b,2014-07
OGLE-2013-BLG-0911L b,2020-02
OGLE-2013-BLG-1721L b,2017-11
OGLE-2013-BLG-1761L b,2017-07
OGLE-2014-BLG-0124L b,2015-02
OGLE-2014-BLG-0676L b,2017-04
OGLE-2014-BLG-1722L b,2018-06
OGLE-2014-BLG-1722L c,2018-06
OGLE-2014-BLG-1760L b,2016-11
OGLE-2015-BLG-0051L b,2016-10
OGLE-2015-BLG-0954L b,2016-06
OGLE-2015-BLG-0966L b,2016-03
OGLE-2015-BLG-1649L b,2019-11
OGLE-2015-BLG-1670L b,2019-06
OGLE-2015-BLG-1771L b,2020-03
OGLE-2016-BLG-0263L b,2017-10
OGLE-2016-BLG-0613L AB b,2017-12
OGLE-2016-BLG-1067L b,2019-03
OGLE-2016-BLG-1190L b,2018-01
OGLE-2016-BLG-1195L b,2017-05
OGLE-2016-BLG-1227L b,2020-03
OGLE-2017-BLG-0173L b,2018-01
OGLE-2017-BLG-0373L b,2018-03
OGLE-2017-BLG-0406L b,2020-04
OGLE-2017-BLG-0482L b,2018-05
OGLE-2017-BLG-0604L b,2020-10
OGLE-2017-BLG-1140L b,2018-06
OGLE-2017-BLG-1375L b,2020-10
OGLE-2017-BLG-1434L b,2018-03
OGLE-2017-BLG-1522L b,2018-05
OGLE-2018-BLG-0596L b,2019-07
OGLE-2018-BLG-0677L b,2020-06
OGLE-2018-BLG-0740L b,2019-09
OGLE-2018-BLG-1011L b,2019-09
OGLE-2018-BLG-1011L c,2019-09
OGLE-2018-BLG-1269L b,2020-09
OGLE-2018-BLG-1700L b,2020-02
OGLE-TR-10 b,2005-05
OGLE-TR-111 b,2004-10
OGLE-TR-113 b,2004-07
OGLE-TR-132 b,2004-07
OGLE-TR-182 b,2008-08
OGLE-TR-211 b,2008-04
OGLE-TR-56 b,2003-01
OGLE2-TR-L9 b,2009-04
Oph 11 b,2007-05
PDS 70 b,2018-09
PDS 70 c,2019-06
PH1 b,2013-05
PH2 b,2013-10
POTS-1 b,2013-11
PSR B0329+54 b,2017-11
PSR B1257+12 b,1994-04
PSR B1257+12 c,1992-01
PSR B1257+12 d,1992-01
PSR B1620-26 b,2003-07
PSR J1719-1438 b,2011-09
PSR J2322-2650 b,2018-03
Pr0201 b,2012-09
Pr0211 b,2012-09
Pr0211 c,2016-04
Proxima Cen b,2016-08
Qatar-1 b,2011-10
Qatar-10 b,2019-06
Qatar-2 b,2012-05
Qatar-3 b,2017-04
Qatar-4 b,2017-04
Qatar-5 b,2017-04
Qatar-6 b,2018-02
Qatar-7 b,2019-02
Qatar-8 b,2019-06
Qatar-9 b,2019-06
ROXs 12 b,2014-01
ROXs 42 B b,2014-01
RR Cae b,2012-05
Ross 128 b,2018-05
Ross 458 c,2010-12
SR 12 AB c,2011-04
SWEEPS-11 b,2006-10
SWEEPS-4 b,2006-10
TAP 26 b,2017-05
TCP J05074264+2447555 b,2018-05
TIC 237913194 b,2020-12
TOI-1130 b,2020-03
TOI-1130 c,2020-03
TOI-122 b,2021-01
TOI-1235 b,2020-07
TOI-125 b,2019-11
TOI-125 c,2019-11
TOI-125 d,2020-03
TOI-1266 b,2020-09
TOI-1266 c,2020-09
TOI-132 b,2020-03
TOI-1338 b,2020-06
TOI-150.01,2019-06
TOI-157 b,2020-03
TOI-163 b,2019-11
TOI-169 b,2020-03
TOI-172 b,2019-05
TOI-1728 b,2020-06
TOI-178 b,2021-01
TOI-178 c,2021-01
TOI-178 d,2021-01
TOI-178 e,2021-01
TOI-178 f,2021-01
TOI-178 g,2021-01
TOI-1899 b,2020-09
TOI-216.01,2019-07
TOI-216.02,2019-07
TOI-237 b,2021-01
TOI-251 b,2021-01
TOI-270 b,2019-07
TOI-270 c,2019-07
TOI-270 d,2019-07
TOI-421 b,2020-09
TOI-421 c,2020-09
TOI-451 b,2021-02
TOI-451 c,2021-02
TOI-451 d,2021-02
TOI-481 b,2020-11
TOI-540 b,2020-09
TOI-561 b,2020-12
TOI-561 c,2020-12
TOI-561 d,2020-12
TOI-561 e,2020-12
TOI-561 f,2020-09
TOI-564 b,2020-11
TOI-677 b,2020-04
TOI-700 b,2020-01
TOI-700 c,2020-01
TOI-700 d,2020-01
TOI-763 b,2020-08
TOI-763 c,2020-08
TOI-776 b,2020-09
TOI-776 c,2020-09
TOI-813 b,2020-01
TOI-824 b,2020-10
TOI-837 b,2020-09
TOI-849 b,2020-03
TOI-892 b,2020-11
TOI-905 b,2020-11
TOI-942 b,2020-11
TOI-942 c,2020-11
TOI-954 b,2020-10
TRAPPIST-1 b,2016-05
TRAPPIST-1 c,2016-05
TRAPPIST-1 d,2016-05
TRAPPIST-1 e,2016-05
TRAPPIST-1 f,2016-05
TRAPPIST-1 g,2016-05
TRAPPIST-1 h,2016-05
TYC 0434-04538-1 b,2021-01
TYC 1422-614-1 b,2015-01
TYC 1422-614-1 c,2015-01
TYC 3318-01333-1 b,2018-05
TYC 3667-1280-1 b,2016-05
TYC 4282-00605-1 b,2017-10
TYC 8998-760-1 b,2020-02
TYC 8998-760-1 c,2020-07
Teegarden's Star b,2019-07
Teegarden's Star c,2019-07
TrES-1 b,2004-10
TrES-2 b,2006-11
TrES-3 b,2007-07
TrES-4 b,2007-10
TrES-5 b,2011-11
UKIRT-2017-BLG-001L b,2018-04
USco CTIO 108 b,2008-02
USco1556 b,2020-01
USco1621 b,2020-01
UZ For b,2011-09
UZ For c,2011-09
V0391 Peg b,2007-09
V1298 Tau b,2019-08
V1298 Tau c,2019-11
V1298 Tau d,2019-11
V1298 Tau e,2019-11
V830 Tau b,2016-06
VHS J125601.92-125723.9 b,2015-05
WASP-1 b,2007-03
WASP-10 b,2009-02
WASP-100 b,2014-05
WASP-101 b,2014-05
WASP-103 b,2014-02
WASP-104 b,2014-10
WASP-105 b,2017-08
WASP-106 b,2014-10
WASP-107 b,2017-08
WASP-107 c,2020-11
WASP-11 b,2009-07
WASP-113 b,2016-10
WASP-114 b,2016-10
WASP-117 b,2014-08
WASP-118 b,2016-12
WASP-119 b,2016-06
WASP-12 b,2009-03
WASP-120 b,2016-06
WASP-121 b,2016-06
WASP-123 b,2016-06
WASP-124 b,2016-06
WASP-126 b,2016-06
WASP-126 c,2019-12
WASP-127 b,2017-03
WASP-129 b,2016-06
WASP-13 b,2009-07
WASP-130 b,2017-03
WASP-131 b,2017-03
WASP-132 b,2017-03
WASP-133 b,2016-06
WASP-135 b,2016-02
WASP-136 b,2017-03
WASP-138 b,2017-03
WASP-139 b,2017-03
WASP-14 b,2009-02
WASP-140 b,2017-03
WASP-141 b,2017-03
WASP-142 b,2017-03
WASP-144 b,2019-01
WASP-145 A b,2019-01
WASP-147 b,2019-01
WASP-148 b,2020-04
WASP-148 c,2020-04
WASP-15 b,2009-06
WASP-150 b,2020-06
WASP-151 b,2018-03
WASP-153 b,2018-03
WASP-156 b,2018-03
WASP-157 b,2016-12
WASP-158 b,2019-01
WASP-159 b,2019-01
WASP-16 b,2009-09
WASP-160 B b,2019-01
WASP-161 b,2019-02
WASP-162 b,2019-01
WASP-163 b,2019-02
WASP-164 b,2019-01
WASP-165 b,2019-01
WASP-166 b,2019-09
WASP-167 b,2017-11
WASP-168 b,2019-01
WASP-169 b,2019-10
WASP-17 b,2010-01
WASP-170 b,2019-02
WASP-171 b,2019-10
WASP-172 b,2019-01
WASP-173 A b,2019-01
WASP-174 b,2018-11
WASP-175 b,2019-10
WASP-176 b,2020-06
WASP-177 b,2019-06
WASP-178 b,2019-11
WASP-18 b,2009-08
WASP-18 c,2019-12
WASP-180 A b,2019-12
WASP-181 b,2019-06
WASP-182 b,2019-10
WASP-183 b,2019-06
WASP-184 b,2019-11
WASP-185 b,2019-11
WASP-186 b,2020-09
WASP-187 b,2020-09
WASP-19 b,2010-01
WASP-190 b,2019-04
WASP-192 b,2019-11
WASP-2 b,2007-03
WASP-20 b,2015-03
WASP-21 b,2010-09
WASP-22 b,2010-12
WASP-23 b,2011-07
WASP-24 b,2010-09
WASP-25 b,2011-01
WASP-26 b,2010-09
WASP-28 b,2015-01
WASP-29 b,2010-11
WASP-3 b,2008-04
WASP-31 b,2011-07
WASP-32 b,2010-12
WASP-33 b,2010-09
WASP-34 b,2011-02
WASP-35 b,2011-09
WASP-36 b,2012-04
WASP-37 b,2011-01
WASP-38 b,2011-01
WASP-39 b,2011-07
WASP-4 b,2008-03
WASP-41 b,2011-05
WASP-41 c,2015-09
WASP-42 b,2012-08
WASP-43 b,2011-11
WASP-44 b,2012-05
WASP-45 b,2012-05
WASP-46 b,2012-05
WASP-47 b,2012-10
WASP-47 c,2015-09
WASP-47 d,2015-08
WASP-47 e,2015-08
WASP-48 b,2011-09
WASP-49 b,2012-08
WASP-5 b,2008-06
WASP-50 b,2011-09
WASP-52 b,2013-01
WASP-53 b,2017-05
WASP-53 c,2017-05
WASP-54 b,2013-03
WASP-55 b,2012-10
WASP-56 b,2013-03
WASP-57 b,2013-03
WASP-58 b,2013-01
WASP-59 b,2013-01
WASP-6 b,2015-06
WASP-60 b,2013-01
WASP-61 b,2012-10
WASP-62 b,2012-10
WASP-63 b,2012-10
WASP-64 b,2013-04
WASP-65 b,2013-11
WASP-66 b,2012-10
WASP-67 b,2012-10
WASP-68 b,2014-03
WASP-69 b,2014-12
WASP-7 b,2009-01
WASP-70 A b,2014-12
WASP-71 b,2013-04
WASP-72 b,2013-04
WASP-73 b,2014-03
WASP-74 b,2015-07
WASP-75 b,2013-11
WASP-76 b,2016-01
WASP-77 A b,2013-01
WASP-78 b,2012-11
WASP-79 b,2012-11
WASP-8 b,2010-07
WASP-8 c,2014-04
WASP-80 b,2013-03
WASP-81 b,2017-05
WASP-82 b,2015-03
WASP-83 b,2015-07
WASP-84 b,2014-12
WASP-85 A b,2016-06
WASP-87 b,2016-05
WASP-88 b,2014-03
WASP-89 b,2015-07
WASP-90 b,2016-01
WASP-91 b,2017-08
WASP-92 b,2016-12
WASP-93 b,2016-12
WASP-94 A b,2014-12
WASP-94 B b,2014-12
WASP-95 b,2014-05
WASP-96 b,2014-05
WASP-97 b,2014-05
WASP-98 b,2014-05
WASP-99 b,2014-05
WD 0806-661 b,2011-03
WD 1856+534 b,2020-09
WISEP J121756.91+162640.2 A b,2012-10
WTS-1 b,2012-12
WTS-2 b,2014-05
Wendelstein-1 b,2020-05
Wendelstein-2 b,2020-05
Wolf 1061 b,2016-02
Wolf 1061 c,2016-02
Wolf 1061 d,2016-02
Wolf 503 b,2018-11
XO-1 b,2006-09
XO-2 N b,2007-12
XO-2 S b,2014-07
XO-2 S c,2014-07
XO-3 b,2008-04
XO-4 b,2008-05
XO-5 b,2008-10
XO-6 b,2017-03
XO-7 b,2020-02
YZ Cet b,2017-09
YZ Cet c,2017-09
YZ Cet d,2017-09
alf Ari b,2011-05
alf Tau b,2015-08
bet Cnc b,2014-06
bet Pic b,2009-01
bet Pic c,2019-08
bet UMi b,2014-06
eps CrB b,2012-10
eps Eri b,2000-12
eps Ind A b,2019-12
eps Tau b,2007-05
gam 1 Leo b,2010-01
gam Cep b,2003-12
gam Lib b,2018-08
gam Lib c,2018-08
iot Dra b,2002-09
kap And b,2013-02
kap CrB b,2008-03
mu Leo b,2014-06
nu Oph b,2012-12
nu Oph c,2012-12
ome Ser b,2013-08
omi CrB b,2012-12
omi UMa b,2012-12
pi Men c,2018-11
psi 1 Dra B b,2016-02
rho CrB b,1997-07
rho CrB c,2016-10
tau Boo b,2015-06
tau Cet e,2017-10
tau Cet f,2017-10
tau Cet g,2017-10
tau Cet h,2017-10
tau Gem b,2013-07
ups And b,1997-01
ups And c,1999-12
ups And d,1999-12
xi Aql b,2008-06
