Datum;T102;T104;T106;T108;T109;T111;T113;T114;T115;T117;T118;T121;T123;T124;T125;T128;T129
01.03.2011;14.5;12.7;12.9;14.3;13.6;12.3;17.4;14.7;14.5;18.5;16.1;10.8;12.7;15.2;14.9;13.2;12.1
02.03.2011;14.5;12.7;12.9;14.3;13.6;12.3;17.4;14.7;14.4;18.5;16.1;10.8;12.7;15.1;14.9;13.2;12.1
03.03.2011;14.5;12.7;12.8;14.3;13.6;12.3;17.4;14.7;14.4;18.4;16;10.8;12.7;15.1;14.9;13.2;12.1
04.03.2011;14.5;12.7;12.8;14.2;13.6;12.4;17.4;14.7;14.4;18.4;16;10.8;12.7;15.1;14.8;13.2;12.1
05.03.2011;14.5;12.7;12.8;14.2;13.6;12.3;17.4;14.7;14.4;18.4;16;10.8;12.7;15.1;14.8;13.1;12.1
06.03.2011;14.5;12.6;12.7;14.2;13.6;12.3;17.4;14.7;14.4;18.3;16;10.8;12.7;15.1;14.8;13.1;12.1
07.03.2011;14.5;12.6;12.7;14.2;13.6;12.3;17.4;14.7;14.4;18.3;16;10.8;12.7;15.1;14.8;13.1;12
08.03.2011;14.5;12.6;12.7;14.2;13.6;12.3;17.4;14.7;14.4;18.3;16;10.7;12.7;15.1;14.8;13.1;12
09.03.2011;14.5;12.6;12.7;14.2;13.6;12.3;17.4;14.7;14.4;18.2;16;10.7;12.7;15.1;14.8;13;12
10.03.2011;14.5;12.6;12.7;14.2;13.6;12.3;17.4;14.7;14.4;18.2;16;10.7;12.7;15;14.8;13;12
11.03.2011;14.5;12.6;12.7;14.2;13.6;12.3;17.4;14.7;14.4;18.2;16;10.7;12.7;15;14.8;13;12
12.03.2011;14.5;12.6;12.7;14.2;13.6;12.2;17.3;14.7;14.3;18.2;16;10.7;12.7;15;14.8;13;12
13.03.2011;14.4;12.6;12.6;14.1;13.6;12.2;17.3;14.6;14.3;18.1;16;10.7;12.7;15;14.8;13;12
14.03.2011;14.4;12.6;12.6;14.1;13.6;12.2;17.3;14.6;14.3;18.1;16;10.7;12.7;15;14.8;13;12
15.03.2011;14.4;12.6;12.6;14.1;13.6;12.2;17.3;14.6;14.3;18.1;16;10.7;12.7;15;14.7;13;11.9
16.03.2011;14.4;12.6;12.6;14.1;13.6;12.2;17.3;14.7;14.3;18;16;10.7;12.7;15;14.7;13;11.9
17.03.2011;14.4;12.6;12.6;14.1;13.6;12.2;17.4;14.6;14.3;18;15.9;10.6;12.7;15;14.7;12.9;11.9
18.03.2011;14.4;12.6;12.5;14.1;13.6;12.1;17.4;14.6;14.3;18;15.9;10.6;12.7;14.9;14.7;12.9;11.9
19.03.2011;14.4;12.6;12.5;14.1;13.6;12.1;17.3;14.6;14.3;18;15.9;10.6;12.7;14.9;14.7;12.9;11.9
20.03.2011;14.4;12.6;12.5;14.1;13.6;12.1;17.3;14.6;14.3;17.9;15.9;10.6;12.7;14.9;14.7;12.9;11.9
21.03.2011;14.4;12.6;12.5;14.1;13.6;12.1;17.3;14.6;14.3;17.9;15.9;10.6;12.7;14.9;14.7;12.9;11.9
22.03.2011;14.4;12.6;12.5;14.1;13.6;12.1;17.3;14.6;14.3;17.9;15.9;10.6;12.7;14.9;14.7;12.9;11.8
23.03.2011;14.4;12.6;12.5;14.1;13.6;12.1;17.3;14.6;14.3;17.8;15.9;10.5;12.7;14.9;14.7;12.9;11.8
24.03.2011;14.4;12.6;12.5;14.1;13.5;12.1;17.3;14.6;14.2;17.8;15.9;10.5;12.7;14.9;14.7;12.9;11.8
25.03.2011;14.4;12.6;12.5;14.1;13.5;12;17.3;14.6;14.2;17.8;15.9;10.5;12.7;14.9;14.7;12.8;11.8
26.03.2011;14.4;12.6;12.4;14.1;13.5;12;17.3;14.6;14.2;17.8;15.9;10.5;12.7;14.8;14.7;12.8;11.8
27.03.2011;14.3;12.6;12.4;14.1;13.5;12;17.3;14.6;14.2;17.7;15.9;10.5;12.7;14.8;14.6;12.8;11.8
28.03.2011;14.3;12.5;12.4;14.0;13.5;12;17.3;14.6;14.2;17.7;15.9;10.5;12.7;14.8;14.6;12.8;11.8
29.03.2011;14.3;12.5;12.4;14.0;13.5;12;17.3;14.6;14.2;17.7;15.8;10.5;12.6;14.8;14.6;12.8;11.8
30.03.2011;14.3;12.5;12.4;14.0;13.5;12;17.3;14.6;14.2;17.7;15.8;10.5;12.6;14.8;14.6;12.8;11.7
31.03.2011;14.3;12.5;12.4;14.0;13.5;12;17.3;14.5;14.1;17.6;15.8;10.5;12.6;14.8;14.6;12.8;11.7
01.04.2011;14.3;12.5;12.4;14.0;13.5;12;17.3;14.5;14.1;17.6;15.8;10.5;12.6;14.8;14.6;12.8;11.7
02.04.2011;14.3;12.5;12.4;14.0;13.5;12;17.3;14.5;14.1;17.5;15.8;10.5;12.7;14.8;14.6;12.8;11.7
03.04.2011;14.3;12.5;12.3;14.0;13.5;12;17.3;14.6;14.1;17.5;15.8;10.5;12.7;14.7;14.6;12.8;11.7
04.04.2011;14.3;12.5;12.3;14.0;13.5;12;17.3;14.5;14.1;17.5;15.8;10.5;12.6;14.7;14.6;12.7;11.7
05.04.2011;14.2;12.5;12.3;14.0;13.5;11.9;17.3;14.5;14.1;17.5;15.8;10.5;12.6;14.7;14.6;12.7;11.7
06.04.2011;14.2;12.5;12.3;14.0;13.5;11.9;17.3;14.5;14.1;17.4;15.8;10.5;12.6;14.7;14.6;12.7;11.7
07.04.2011;14.2;12.5;12.3;14.0;13.5;11.9;17.3;14.5;14.1;17.4;15.8;10.5;12.6;14.7;14.6;12.7;11.7
08.04.2011;14.2;12.5;12.3;14.0;13.5;11.9;17.3;14.6;14.1;17.4;15.8;10.5;12.6;14.7;14.5;12.7;11.7
09.04.2011;14.2;12.5;12.3;14.0;13.5;11.9;17.3;14.6;14.1;17.4;15.8;10.4;12.6;14.6;14.5;12.7;11.7
10.04.2011;14.2;12.5;12.3;14.0;13.5;11.9;17.3;14.5;14.1;17.4;15.8;10.4;12.6;14.6;14.5;12.7;11.6
11.04.2011;14.2;12.5;12.3;14.0;13.5;11.9;17.3;14.5;14.1;17.3;15.7;10.4;12.6;14.6;14.5;12.7;11.6
12.04.2011;14.2;12.4;12.3;14.0;13.5;11.9;17.3;14.5;14;17.3;15.7;10.4;12.6;14.6;14.5;12.7;11.6
13.04.2011;14.2;12.5;12.2;14.0;13.5;11.9;17.3;14.5;14;17.3;15.7;10.5;12.6;14.6;14.5;12.7;11.6
14.04.2011;14.2;12.4;12.2;14.0;13.5;11.9;17.3;14.5;14;17.3;15.7;10.4;12.6;14.6;14.5;12.7;11.6
15.04.2011;14.2;12.4;12.2;14.0;13.5;11.9;17.3;14.4;14;17.2;15.7;10.4;12.6;14.6;14.5;12.6;11.6
16.04.2011;14.2;12.4;12.2;14.0;13.5;11.9;17.3;14.4;14;17.2;15.7;10.5;12.6;14.6;14.5;12.6;11.6
17.04.2011;14.1;12.4;12.2;13.9;13.5;11.9;17.3;14.4;14;17.2;15.7;10.4;12.6;14.6;14.5;12.6;11.6
18.04.2011;14.1;12.4;12.2;13.9;13.5;11.9;17.3;14.4;14;17.2;15.7;10.5;12.6;14.5;14.5;12.6;11.6
19.04.2011;14.1;12.4;12.2;13.9;13.5;11.9;17.3;14.4;14;17.2;15.7;10.5;12.6;14.5;14.5;12.6;11.6
20.04.2011;14.1;12.4;12.2;13.9;13.5;11.9;17.3;14.5;14;17.1;15.7;10.5;12.6;14.5;14.5;12.6;11.5
21.04.2011;14.1;12.4;12.2;13.9;13.5;11.9;17.3;14.5;14;17.1;15.7;10.5;12.6;14.5;14.5;12.6;11.5
22.04.2011;14.1;12.4;12.2;13.9;13.4;11.9;17.3;14.4;14;17.1;15.7;10.5;12.6;14.5;14.5;12.6;11.5
23.04.2011;14.1;12.4;12.2;13.9;13.5;11.9;17.3;14.4;14;17.1;15.7;10.5;12.6;14.5;14.5;12.6;11.5
24.04.2011;14.1;12.4;12.2;13.9;13.4;11.9;17.3;14.4;13.9;17.1;15.6;10.5;12.6;14.5;14.5;12.5;11.5
25.04.2011;14.1;12.4;12.2;13.9;13.4;11.9;17.3;14.4;13.9;17;15.6;10.5;12.6;14.5;14.4;12.5;11.5
26.04.2011;14.1;12.4;12.2;13.9;13.4;11.9;17.3;14.4;13.9;17;15.6;10.5;12.6;14.5;14.4;12.5;11.5
27.04.2011;14.1;12.4;12.2;13.9;13.4;11.9;17.3;14.4;13.9;17;15.6;10.5;12.6;14.5;14.4;12.5;11.5
28.04.2011;14.1;12.3;12.2;13.9;13.4;11.9;17.3;14.4;13.9;17;15.6;10.5;12.6;14.5;14.4;12.5;11.5
29.04.2011;14.1;12.3;12.2;13.9;13.4;11.9;17.3;14.4;13.9;17;15.6;10.5;12.6;14.5;14.4;12.5;11.5
30.04.2011;14.1;12.3;12.2;13.9;13.4;11.9;17.3;14.4;13.9;16.9;15.6;10.5;12.6;14.4;14.4;12.5;11.5
01.05.2011;14.1;12.4;12.2;13.9;13.4;11.9;17.3;14.4;13.9;16.9;15.6;10.6;12.6;14.4;14.4;12.5;11.5
02.05.2011;14.1;12.3;12.2;13.9;13.4;11.9;17.3;14.4;13.9;16.9;15.6;10.6;12.6;14.4;14.4;12.5;11.5
03.05.2011;14.0;12.3;12.2;13.9;13.4;11.9;17.3;14.4;13.9;16.9;15.6;10.6;12.6;14.4;14.4;12.5;11.5
04.05.2011;14.0;12.3;12.2;13.9;13.4;11.9;17.3;14.4;13.9;16.9;15.6;10.6;12.6;14.4;14.4;12.5;11.5
05.05.2011;14.0;12.3;12.2;13.9;13.4;11.9;17.3;14.4;13.9;16.9;15.6;10.6;12.6;14.4;14.4;12.5;11.5
06.05.2011;14.0;12.3;12.2;13.9;13.4;11.9;17.3;14.4;13.9;16.8;15.6;10.6;12.6;14.4;14.4;12.5;11.5
07.05.2011;14.0;12.3;12.2;13.9;13.4;11.9;17.3;14.4;13.9;16.8;15.5;10.7;12.6;14.4;14.4;12.5;11.5
08.05.2011;14.0;12.3;12.2;13.9;13.4;11.9;17.3;14.4;13.8;16.8;15.5;10.7;12.6;14.4;14.4;12.5;11.5
09.05.2011;14.0;12.3;12.2;13.9;13.4;11.9;17.3;14.4;13.8;16.8;15.5;10.7;12.6;14.4;14.4;12.5;11.5
10.05.2011;14.0;12.2;12.3;13.9;13.4;11.9;17.3;14.4;13.8;16.8;15.5;10.7;12.6;14.4;14.4;12.5;11.5
11.05.2011;14.0;12.3;12.3;13.9;13.4;11.9;17.3;14.4;13.8;16.7;15.5;10.7;12.6;14.4;14.4;12.5;11.5
12.05.2011;14.0;12.2;12.3;13.9;13.4;11.9;17.2;14.4;13.8;16.7;15.5;10.7;12.6;14.4;14.4;12.5;11.5
13.05.2011;14.0;12.2;12.3;13.9;13.4;11.9;17.2;14.4;13.8;16.7;15.5;10.7;12.6;14.3;14.4;12.5;11.5
14.05.2011;14.0;12.2;12.3;13.9;13.4;11.9;17.2;14.4;13.8;16.7;15.5;10.8;12.6;14.3;14.3;12.5;11.5
15.05.2011;14.0;12.2;12.3;13.9;13.4;11.9;17.2;14.3;13.8;16.7;15.5;10.8;12.6;14.3;14.3;12.5;11.5
16.05.2011;14.0;12.2;12.3;13.9;13.4;11.9;17.2;14.3;13.8;16.7;15.5;10.8;12.6;14.3;14.3;12.5;11.6
17.05.2011;14.0;12.2;12.3;13.9;13.4;11.9;17.2;14.3;13.8;16.6;15.5;10.8;12.6;14.3;14.3;12.5;11.6
18.05.2011;14.0;12.2;12.3;13.9;13.4;11.9;17.2;14.3;13.7;16.6;15.5;10.8;12.6;14.3;14.3;12.5;11.6
19.05.2011;14.0;12.2;12.4;13.9;13.3;11.9;17.2;14.3;13.8;16.6;15.4;10.8;12.6;14.3;14.3;12.5;11.6
20.05.2011;14.0;12.2;12.4;13.9;13.3;11.9;17.2;14.3;13.8;16.6;15.4;10.8;12.6;14.3;14.3;12.5;11.6
21.05.2011;14.0;12.2;12.4;13.9;13.3;11.9;17.2;14.3;13.7;16.6;15.4;10.9;12.6;14.3;14.3;12.5;11.6
22.05.2011;14.0;12.2;12.4;13.9;13.3;12;17.2;14.3;13.7;16.5;15.4;10.9;12.6;14.3;14.3;12.5;11.6
23.05.2011;14.0;12.2;12.4;13.9;13.3;12;17.2;14.3;13.8;16.5;15.4;10.9;12.6;14.3;14.3;12.5;11.6
24.05.2011;14.0;12.2;12.4;13.9;13.3;12;17.2;14.3;13.7;16.5;15.4;10.9;12.6;14.3;14.3;12.5;11.7
25.05.2011;14.0;12.2;12.4;13.9;13.3;12;17.2;14.3;13.7;16.5;15.4;10.9;12.6;14.3;14.3;12.5;11.7
26.05.2011;14.0;12.2;12.5;13.8;13.3;12;17.2;14.3;13.7;16.5;15.4;11;12.6;14.3;14.3;12.5;11.7
27.05.2011;14.0;12.2;12.5;13.9;13.3;12;17.2;14.3;13.7;16.5;15.4;11;12.6;14.3;14.3;12.5;11.7
28.05.2011;14.0;12.2;12.5;13.8;13.3;12;17.2;14.3;13.7;16.5;15.4;11;12.6;14.3;14.3;12.5;11.7
29.05.2011;14.0;12.2;12.5;13.8;13.3;12;17.2;14.3;13.7;16.5;15.4;11;12.6;14.3;14.3;12.5;11.7
30.05.2011;14.0;12.2;12.5;13.8;13.3;12;17.2;14.3;13.7;16.4;15.4;11.1;12.6;14.3;14.3;12.5;11.7
31.05.2011;14.0;12.2;12.6;13.8;13.3;12;17.2;14.3;13.7;16.4;15.4;11.1;12.6;14.3;14.3;12.5;11.7
01.06.2011;14.0;12.2;12.6;13.8;13.3;12.1;17.3;14.3;13.7;16.4;15.4;11.1;12.6;14.3;14.3;12.5;11.7
02.06.2011;14.0;12.2;12.6;13.9;13.3;12.1;17.2;14.3;13.7;16.4;15.4;11.1;12.6;14.3;14.3;12.5;11.7
03.06.2011;14.0;12.2;12.6;13.9;13.3;12.1;17.2;14.3;13.7;16.4;15.4;11.1;12.6;14.3;14.3;12.5;11.7
04.06.2011;14.0;12.2;12.6;13.9;13.3;12.1;17.2;14.3;13.7;16.4;15.4;11.2;12.6;14.3;14.3;12.5;11.7
05.06.2011;14.0;12.2;12.7;13.9;13.3;12.1;17.2;14.3;13.7;16.4;15.4;11.2;12.6;14.3;14.3;12.5;11.7
06.06.2011;14.0;12.2;12.7;13.8;13.3;12.1;17.2;14.3;13.7;16.4;15.4;11.2;12.6;14.3;14.3;12.5;11.7
07.06.2011;14.0;12.2;12.7;13.9;13.3;12.1;17.2;14.3;13.7;16.3;15.4;11.2;12.6;14.3;14.3;12.5;11.7
08.06.2011;14.0;12.1;12.7;13.9;13.3;12.1;17.2;14.3;13.7;16.3;15.4;11.3;12.6;14.3;14.3;12.5;11.7
09.06.2011;14.0;12.2;12.8;13.9;13.3;12.2;17.2;14.3;13.7;16.3;15.4;11.3;12.6;14.3;14.3;12.5;11.7
10.06.2011;14.0;12.2;12.8;13.9;13.3;12.2;17.2;14.3;13.7;16.3;15.4;11.3;12.6;14.2;14.3;12.5;11.7
11.06.2011;14.0;12.1;12.8;13.9;13.3;12.2;17.2;14.3;13.7;16.3;15.4;11.3;12.6;14.2;14.3;12.5;11.8
12.06.2011;14.0;12.2;12.9;13.9;13.3;12.2;17.2;14.3;13.7;16.3;15.4;11.3;12.6;14.3;14.3;12.5;11.8
13.06.2011;14.0;12.2;12.9;13.9;13.3;12.2;17.2;14.3;13.7;16.3;15.4;11.4;12.6;14.3;14.3;12.5;11.8
14.06.2011;14.0;12.2;12.9;13.9;13.3;12.2;17.2;14.3;13.7;16.3;15.3;11.4;12.6;14.3;14.3;12.5;11.8
15.06.2011;14.0;12.2;12.9;13.9;13.3;12.2;17.2;14.3;13.7;16.3;15.3;11.4;12.6;14.3;14.3;12.5;11.8
16.06.2011;14.0;12.1;12.9;13.9;13.3;12.2;17.2;14.3;13.7;16.2;15.3;11.4;12.6;14.3;14.3;12.5;11.8
17.06.2011;14.0;12.1;13;13.9;13.3;12.2;17.2;14.3;13.6;16.3;15.3;11.5;12.6;14.3;14.3;12.5;11.8
18.06.2011;14.0;12.2;13;13.9;13.3;12.3;17.2;14.3;13.6;16.2;15.3;11.5;12.6;14.3;14.3;12.5;11.8
19.06.2011;14.0;12.1;13;13.9;13.3;12.3;17.2;14.3;13.6;16.3;15.3;11.6;12.6;14.3;14.3;12.5;11.8
20.06.2011;14.0;12.2;13;13.9;13.3;12.3;17.2;14.3;13.6;16.3;15.3;11.6;12.6;14.3;14.3;12.5;11.8
21.06.2011;14.0;12.2;13;13.9;13.3;12.3;17.2;14.3;13.6;16.2;15.3;11.6;12.6;14.3;14.3;12.5;11.8
22.06.2011;14.0;12.1;13;13.9;13.3;12.3;17.2;14.3;13.6;16.2;15.3;11.6;12.6;14.3;14.3;12.5;11.9
23.06.2011;14.0;12.2;13.1;13.9;13.3;12.3;17.2;14.3;13.6;16.2;15.3;11.6;12.6;14.3;14.3;12.6;11.9
24.06.2011;14.0;12.1;13.1;13.9;13.2;12.3;17.2;14.2;13.6;16.2;15.3;11.7;12.6;14.3;14.3;12.5;11.9
25.06.2011;14.0;12.2;13.1;13.9;13.2;12.3;17.2;14.3;13.6;16.2;15.3;11.7;12.6;14.3;14.3;12.6;11.9
26.06.2011;14.0;12.2;13.1;13.9;13.2;12.3;17.2;14.3;13.6;16.2;15.3;11.8;12.6;14.3;14.3;12.6;11.9
27.06.2011;14.0;12.1;13.1;13.9;13.3;12.4;17.2;14.3;13.7;16.2;15.3;11.8;12.6;14.3;14.4;12.6;11.9
28.06.2011;14.0;12.2;13.2;13.9;13.2;12.4;17.2;14.3;13.7;16.2;15.3;11.8;12.6;14.3;14.4;12.6;11.9
29.06.2011;14.0;12.2;13.2;13.9;13.2;12.4;17.2;14.3;13.7;16.2;15.3;11.8;12.6;14.3;14.4;12.6;11.9
30.06.2011;14.0;12.2;13.2;13.9;13.2;12.4;17.2;14.3;13.7;16.2;15.3;11.8;12.6;14.3;14.4;12.6;11.9
01.07.2011;14.0;12.2;13.2;13.9;13.2;12.4;17.2;14.3;13.6;16.2;15.3;11.9;12.6;14.3;14.4;12.6;11.9
02.07.2011;14.0;12.2;13.2;13.9;13.2;12.4;17.2;14.3;13.6;16.2;15.3;11.9;12.6;14.3;14.4;12.6;12
03.07.2011;14.0;12.2;13.3;13.9;13.2;12.4;17.2;14.3;13.6;16.3;15.3;12;12.6;14.3;14.4;12.6;12
04.07.2011;14.1;12.2;13.3;13.9;13.2;12.5;17.2;14.3;13.7;16.3;15.3;12;12.6;14.3;14.4;12.6;12
05.07.2011;14.1;12.2;13.3;13.9;13.2;12.5;17.2;14.3;13.7;16.3;15.3;12;12.6;14.3;14.4;12.6;12
06.07.2011;14.1;12.2;13.3;13.9;13.2;12.5;17.2;14.3;13.7;16.3;15.3;12;12.6;14.3;14.4;12.6;12
07.07.2011;14.1;12.2;13.4;13.9;13.2;12.5;17.2;14.3;13.7;16.3;15.3;12.1;12.6;14.3;14.4;12.7;12
08.07.2011;14.1;12.2;13.4;13.9;13.2;12.5;17.2;14.3;13.7;16.3;15.3;12.1;12.6;14.3;14.4;12.7;12
09.07.2011;14.1;12.2;13.4;13.9;13.2;12.5;17.2;14.3;13.7;16.3;15.4;12.1;12.6;14.3;14.4;12.7;12
10.07.2011;14.1;12.2;13.4;13.9;13.2;12.5;17.2;14.3;13.7;16.3;15.4;12.1;12.6;14.3;14.4;12.7;12
11.07.2011;14.1;12.2;13.4;13.9;13.2;12.5;17.3;14.3;13.7;16.3;15.4;12.1;12.6;14.3;14.4;12.7;12.1
12.07.2011;14.1;12.2;13.5;13.9;13.2;12.6;17.2;14.3;13.7;16.3;15.4;12.2;12.6;14.3;14.4;12.7;12.1
13.07.2011;14.1;12.2;13.5;13.9;13.2;12.6;17.2;14.3;13.7;16.4;15.4;12.2;12.6;14.4;14.4;12.7;12.1
14.07.2011;14.1;12.2;13.5;14.0;13.2;12.6;17.2;14.3;13.7;16.4;15.4;12.2;12.6;14.4;14.4;12.7;12.1
15.07.2011;14.1;12.2;13.6;14.0;13.2;12.6;17.2;14.3;13.7;16.4;15.4;12.3;12.6;14.4;14.4;12.7;12.1
16.07.2011;14.1;12.2;13.6;14.0;13.2;12.6;17.2;14.3;13.7;16.4;15.4;12.3;12.6;14.4;14.4;12.7;12.1
17.07.2011;14.1;12.2;13.6;14.0;13.2;12.6;17.2;14.3;13.7;16.4;15.4;12.3;12.6;14.4;14.4;12.7;12.1
18.07.2011;14.1;12.2;13.6;14.0;13.2;12.6;17.2;14.3;13.7;16.4;15.4;12.4;12.6;14.4;14.4;12.7;12.1
19.07.2011;14.1;12.2;13.7;14.0;13.2;12.6;17.2;14.3;13.7;16.4;15.4;12.4;12.6;14.4;14.4;12.7;12.1
20.07.2011;14.1;12.2;13.7;14.0;13.2;12.6;17.2;14.3;13.7;16.4;15.4;12.5;12.6;14.4;14.5;12.7;12.2
21.07.2011;14.1;12.2;13.7;14.0;13.2;12.6;17.2;14.3;13.7;16.4;15.4;12.5;12.6;14.4;14.5;12.8;12.2
22.07.2011;14.1;12.2;13.7;14.0;13.2;12.7;17.2;14.3;13.7;16.5;15.4;12.5;12.6;14.4;14.5;12.8;12.2
23.07.2011;14.1;12.2;13.7;14.0;13.2;12.7;17.3;14.3;13.7;16.5;15.4;12.5;12.6;14.4;14.5;12.8;12.2
24.07.2011;14.2;12.2;13.8;14.0;13.2;12.7;17.2;14.3;13.7;16.5;15.4;12.6;12.6;14.4;14.5;12.8;12.2
25.07.2011;14.2;12.2;13.8;14.0;13.2;12.7;17.2;14.3;13.7;16.5;15.4;12.6;12.6;14.4;14.5;12.8;12.2
26.07.2011;14.2;12.2;13.8;14.0;13.2;12.7;17.2;14.3;13.7;16.5;15.4;12.6;12.6;14.4;14.5;12.8;12.2
27.07.2011;14.2;12.2;13.8;14.0;13.2;12.7;17.2;14.3;13.7;16.6;15.4;12.6;12.6;14.5;14.5;12.8;12.2
28.07.2011;14.2;12.2;13.9;14.0;13.2;12.8;17.2;14.3;13.7;16.6;15.4;12.7;12.6;14.5;14.5;12.8;12.3
29.07.2011;14.2;12.2;13.9;14.0;13.2;12.8;17.2;14.3;13.7;16.6;15.4;12.7;12.6;14.5;14.5;12.8;12.3
30.07.2011;14.2;12.2;13.9;14.0;13.2;12.8;17.2;14.3;13.7;16.6;15.4;12.7;12.6;14.5;14.5;12.8;12.3
31.07.2011;14.2;12.2;13.9;14.0;13.2;12.8;17.2;14.3;13.7;16.7;15.4;12.7;12.6;14.5;14.5;12.8;12.3
01.08.2011;14.2;12.2;14;14.0;13.2;12.8;17.2;14.3;13.7;16.7;15.4;12.8;12.6;14.5;14.5;12.8;12.3
02.08.2011;14.2;12.2;14;14.0;13.2;12.8;17.3;14.4;13.7;16.7;15.4;12.8;12.6;14.5;14.5;12.8;12.3
03.08.2011;14.2;12.2;14;14.0;13.2;12.8;17.3;14.4;13.7;16.8;15.4;12.8;12.6;14.5;14.5;12.8;12.3
04.08.2011;14.2;12.2;14;14.0;13.2;12.9;17.3;14.4;13.7;16.8;15.4;12.8;12.6;14.5;14.5;12.8;12.4
05.08.2011;14.2;12.2;14.1;14.0;13.2;12.9;17.3;14.3;13.8;16.8;15.4;12.9;12.6;14.5;14.6;12.9;12.4
06.08.2011;14.2;12.2;14.1;14.0;13.2;12.9;17.3;14.3;13.8;16.8;15.4;12.9;12.6;14.5;14.6;12.9;12.4
07.08.2011;14.2;12.3;14.1;14.0;13.2;12.9;17.3;14.3;13.8;16.9;15.4;12.9;12.6;14.5;14.6;12.9;12.4
08.08.2011;14.2;12.3;14.1;14.0;13.2;12.9;17.3;14.3;13.8;16.9;15.4;13;12.6;14.6;14.6;12.9;12.4
09.08.2011;14.2;12.3;14.1;14.0;13.2;12.9;17.3;14.3;13.8;16.9;15.5;13;12.6;14.6;14.6;12.9;12.5
10.08.2011;14.3;12.3;14.2;14.0;13.2;13;17.3;14.3;13.8;16.9;15.5;13;12.6;14.6;14.6;12.9;12.5
11.08.2011;14.3;12.3;14.2;14.0;13.2;13;17.3;14.3;13.8;17;15.5;13.1;12.6;14.6;14.6;12.9;12.5
12.08.2011;14.3;12.3;14.2;14.1;13.2;13;17.3;14.4;13.8;17;15.5;13.1;12.6;14.6;14.6;12.9;12.5
13.08.2011;14.3;12.3;14.2;14.1;13.2;13;17.3;14.4;13.8;17;15.5;13.1;12.6;14.6;14.6;12.9;12.5
14.08.2011;14.3;12.3;14.3;14.1;13.2;13;17.3;14.4;13.8;17;15.5;13.1;12.6;14.6;14.6;12.9;12.5
15.08.2011;14.3;12.3;14.3;14.1;13.2;13;17.3;14.4;13.8;17.1;15.5;13.1;12.6;14.6;14.6;12.9;12.6
16.08.2011;14.3;12.3;14.3;14.1;13.2;13.1;17.3;14.4;13.8;17.1;15.5;13.1;12.6;14.6;14.6;12.9;12.6
17.08.2011;14.3;12.3;14.3;14.1;13.2;13.1;17.3;14.4;13.8;17.1;15.5;13.2;12.6;14.6;14.6;13;12.6
18.08.2011;14.3;12.3;14.4;14.1;13.2;13.1;17.3;14.4;13.8;17.1;15.5;13.2;12.6;14.6;14.7;13;12.6
19.08.2011;14.3;12.3;14.4;14.1;13.2;13.1;17.3;14.4;13.8;17.2;15.5;13.2;12.6;14.6;14.7;13;12.6
20.08.2011;14.3;12.3;14.4;14.1;13.2;13.1;17.3;14.4;13.8;17.2;15.5;13.2;12.6;14.7;14.7;13;12.6
21.08.2011;14.4;12.3;14.4;14.1;13.2;13.1;17.3;14.4;13.8;17.2;15.6;13.3;12.6;14.7;14.7;13;12.6
22.08.2011;14.4;12.3;14.5;14.1;13.2;13.2;17.3;14.4;13.8;17.2;15.6;13.3;12.6;14.7;14.7;13;12.6
23.08.2011;14.4;12.3;14.5;14.1;13.2;13.2;17.3;14.4;13.8;17.3;15.6;13.3;12.6;14.7;14.7;13;12.6
24.08.2011;14.4;12.3;14.5;14.1;13.2;13.2;17.3;14.4;13.8;17.3;15.6;13.3;12.6;14.7;14.7;13;12.7
25.08.2011;14.4;12.3;14.5;14.1;13.2;13.2;17.3;14.4;13.8;17.3;15.6;13.4;12.6;14.7;14.7;13;12.7
26.08.2011;14.4;12.3;14.6;14.1;13.2;13.2;17.3;14.4;13.8;17.3;15.6;13.4;12.6;14.7;14.7;13;12.7
27.08.2011;14.4;12.3;14.6;14.1;13.2;13.2;17.3;14.4;13.8;17.4;15.6;13.4;12.6;14.7;14.7;13;12.7
28.08.2011;14.4;12.3;14.6;14.1;13.2;13.3;17.3;14.4;13.8;17.4;15.6;13.4;12.6;14.8;14.8;13.1;12.7
29.08.2011;14.4;12.3;14.6;14.1;13.2;13.3;17.3;14.4;13.8;17.4;15.6;13.5;12.6;14.8;14.8;13.1;12.7
30.08.2011;14.4;12.3;14.6;14.1;13.2;13.3;17.3;14.4;13.8;17.4;15.6;13.5;12.6;14.8;14.8;13.1;12.7
31.08.2011;14.4;12.4;14.6;14.1;13.2;13.3;17.3;14.4;13.8;17.4;15.6;13.5;12.6;14.8;14.8;13.1;12.8
01.09.2011;14.4;12.4;14.7;14.2;13.2;13.3;17.3;14.4;13.8;17.5;15.6;13.5;12.6;14.8;14.8;13.1;12.8
02.09.2011;14.4;12.4;14.7;14.2;13.2;13.4;17.3;14.4;13.8;17.5;15.6;13.5;12.6;14.8;14.8;13.1;12.8
03.09.2011;14.4;12.4;14.7;14.2;13.2;13.4;17.3;14.4;13.9;17.5;15.7;13.5;12.6;14.8;14.8;13.2;12.8
04.09.2011;14.4;12.4;14.7;14.2;13.2;13.4;17.3;14.4;13.9;17.5;15.7;13.6;12.6;14.8;14.8;13.2;12.8
05.09.2011;14.4;12.4;14.7;14.2;13.2;13.4;17.3;14.4;13.9;17.5;15.7;13.5;12.7;14.8;14.8;13.2;12.8
06.09.2011;14.4;12.4;14.8;14.2;13.2;13.4;17.3;14.4;13.9;17.5;15.7;13.6;12.7;14.8;14.8;13.2;12.8
07.09.2011;14.4;12.4;14.8;14.2;13.3;13.4;17.3;14.4;13.9;17.6;15.7;13.6;12.7;14.9;14.8;13.2;12.8
08.09.2011;14.4;12.4;14.8;14.2;13.2;13.5;17.3;14.4;13.9;17.6;15.7;13.6;12.7;14.9;14.8;13.2;12.9
09.09.2011;14.4;12.4;14.8;14.2;13.2;13.5;17.3;14.5;13.9;17.6;15.7;13.6;12.7;14.9;14.8;13.2;12.9
10.09.2011;14.4;12.4;14.8;14.2;13.3;13.5;17.3;14.5;13.9;17.6;15.7;13.7;12.7;14.9;14.8;13.2;12.9
11.09.2011;14.4;12.4;14.8;14.2;13.3;13.5;17.3;14.4;13.9;17.6;15.7;13.7;12.7;14.9;14.9;13.2;12.9
12.09.2011;14.5;12.4;14.9;14.2;13.3;13.5;17.3;14.4;13.9;17.7;15.7;13.7;12.7;14.9;14.9;13.2;12.9
13.09.2011;14.5;12.4;14.9;14.2;13.3;13.5;17.3;14.4;13.9;17.7;15.7;13.7;12.7;14.9;14.9;13.2;12.9
14.09.2011;14.5;12.4;14.9;14.2;13.3;13.5;17.3;14.4;13.9;17.7;15.7;13.7;12.7;14.9;14.9;13.3;12.9
15.09.2011;14.5;12.4;14.9;14.2;13.3;13.6;17.3;14.4;13.9;17.7;15.8;13.7;12.7;15;14.9;13.3;12.9
16.09.2011;14.5;12.4;14.9;14.2;13.3;13.6;17.3;14.6;13.9;17.7;15.8;13.7;12.7;15;14.9;13.3;13
17.09.2011;14.5;12.4;14.9;14.2;13.3;13.6;17.3;14.5;13.9;17.7;15.8;13.8;12.7;15;14.9;13.3;13
18.09.2011;14.5;12.4;15;14.3;13.3;13.6;17.3;14.5;13.9;17.8;15.8;13.8;12.7;15;14.9;13.3;13
19.09.2011;14.5;12.4;15;14.3;13.3;13.6;17.3;14.5;14;17.8;15.8;13.8;12.7;15;14.9;13.3;13
20.09.2011;14.5;12.4;15;14.3;13.3;13.6;17.3;14.5;14;17.8;15.8;13.8;12.7;15;14.9;13.3;13
21.09.2011;14.5;12.4;15;14.3;13.3;13.7;17.3;14.5;14;17.8;15.8;13.9;12.7;15;14.9;13.3;13
22.09.2011;14.5;12.4;15;14.3;13.3;13.7;17.3;14.5;14;17.8;15.8;13.9;12.7;15;14.9;13.3;13
23.09.2011;14.5;12.4;15;14.3;13.3;13.7;17.3;14.5;14;17.8;15.8;13.9;12.7;15;14.9;13.3;13
24.09.2011;14.5;12.4;15;14.3;13.3;13.7;17.3;14.5;14;17.8;15.8;13.9;12.7;15.1;14.9;13.4;13
25.09.2011;14.5;12.4;15.1;14.3;13.3;13.7;17.3;14.5;14;17.9;15.8;13.9;12.7;15.1;14.9;13.4;13.1
26.09.2011;14.5;12.4;15.1;14.3;13.3;13.7;17.3;14.5;14;17.9;15.9;13.9;12.7;15.1;14.9;13.4;13.1
27.09.2011;14.6;12.5;15.1;14.3;13.3;13.7;17.3;14.5;14;17.9;15.9;13.9;12.7;15.1;15;13.4;13.1
28.09.2011;14.6;12.5;15.1;14.3;13.3;13.8;17.3;14.5;14;17.9;15.9;13.9;12.7;15.1;15;13.4;13.1
29.09.2011;14.6;12.5;15.2;14.3;13.3;13.8;17.3;14.5;14;17.9;15.9;14;12.7;15.1;15;13.4;13.1
30.09.2011;14.6;12.5;15.2;14.3;13.3;13.8;17.3;14.5;14;17.9;15.9;14;12.7;15.1;15;13.4;13.1
01.10.2011;14.6;12.5;15.2;14.3;13.3;13.8;17.3;14.5;14.1;18;15.9;14;12.7;15.1;15;13.4;13.1
02.10.2011;14.6;12.5;15.2;14.3;13.3;13.8;17.3;14.6;14.1;18;15.9;14;12.7;15.2;15;13.4;13.1
03.10.2011;14.6;12.5;15.2;14.3;13.3;13.8;17.4;14.5;14.1;18;15.9;14;12.7;15.2;15;13.4;13.2
04.10.2011;14.6;12.5;15.2;14.3;13.3;13.9;17.4;14.5;14.1;18;15.9;14;12.7;15.2;15;13.4;13.2
05.10.2011;14.6;12.5;15.2;14.3;13.3;13.9;17.4;14.5;14.1;18;15.9;14;12.7;15.2;15;13.5;13.2
06.10.2011;14.6;12.5;15.2;14.3;13.3;13.9;17.4;14.6;14.1;18;15.9;14;12.7;15.2;15;13.5;13.2
07.10.2011;14.6;12.5;15.3;14.3;13.3;13.9;17.4;14.6;14.1;18;16;14;12.7;15.2;15;13.5;13.2
08.10.2011;14.6;12.5;15.3;14.3;13.3;13.9;17.4;14.5;14.1;18;16;14;12.7;15.2;15;13.5;13.2
09.10.2011;14.6;12.5;15.3;14.3;13.3;13.9;17.4;14.5;14.2;18;16;14.1;12.7;15.2;15;13.5;13.3
10.10.2011;14.6;12.5;15.3;14.3;13.3;13.9;17.4;14.7;14.2;18;16;14.1;12.7;15.2;15;13.5;13.3
11.10.2011;14.6;12.5;15.3;14.3;13.3;14;17.4;14.7;14.2;18.1;16;14.1;12.7;15.3;15;13.5;13.3
12.10.2011;14.6;12.5;15.3;14.4;13.3;14;17.4;14.6;14.2;18.1;16;14.1;12.7;15.3;15;13.5;13.3
13.10.2011;14.6;12.5;15.3;14.3;13.3;14;17.4;14.6;14.2;18.1;16;14.1;12.7;15.3;15;13.5;13.3
14.10.2011;14.6;12.5;15.3;14.3;13.3;14;17.4;14.6;14.2;18.1;16;14.1;12.7;15.3;15.1;13.5;13.3
15.10.2011;14.6;12.5;15.3;14.3;13.3;14;17.4;14.6;14.2;18.1;16;14.1;12.7;15.3;15.1;13.5;13.3
16.10.2011;14.7;12.5;15.3;14.3;13.3;14;17.4;14.6;14.2;18.1;16;14.1;12.7;15.3;15.1;13.5;13.3
17.10.2011;14.7;12.5;15.3;14.3;13.4;14;17.4;14.6;14.2;18.1;16;14.1;12.7;15.3;15.1;13.6;13.3
18.10.2011;14.7;12.5;15.4;14.3;13.4;14;17.4;14.7;14.3;18.1;16.1;14.1;12.7;15.3;15.1;13.6;13.3
19.10.2011;14.7;12.5;15.4;14.4;13.4;14.1;17.4;14.7;14.3;18.1;16.1;14.1;12.7;15.3;15.1;13.6;13.4
20.10.2011;14.7;12.5;15.4;14.4;13.4;14.1;17.4;14.7;14.3;18.1;16.1;14.1;12.7;15.4;15.1;13.6;13.4
21.10.2011;14.7;12.6;15.4;14.4;13.4;14.1;17.4;14.7;14.3;18.1;16.1;14.1;12.7;15.4;15.1;13.6;13.4
22.10.2011;14.7;12.6;15.4;14.4;13.4;14.1;17.4;14.7;14.3;18.1;16.1;14.1;12.7;15.4;15.1;13.6;13.4
23.10.2011;14.7;12.6;15.4;14.4;13.4;14.1;17.4;14.7;14.3;18.1;16.1;14.1;12.7;15.4;15.1;13.6;13.4
24.10.2011;14.7;12.6;15.4;14.4;13.4;14.1;17.4;14.7;14.3;18.1;16.1;14.1;12.7;15.4;15.1;13.6;13.4
25.10.2011;14.7;12.6;15.4;14.4;13.4;14.1;17.4;14.9;14.3;18.1;16.1;14.2;12.7;15.4;15.1;13.6;13.4
26.10.2011;14.7;12.6;15.4;14.4;13.4;14.1;17.4;14.8;14.3;18.2;16.1;14.2;12.7;15.4;15.1;13.6;13.4
27.10.2011;14.7;12.6;15.4;14.4;13.4;14.1;17.4;14.8;14.3;18.2;16.1;14.2;12.7;15.4;15.1;13.6;13.4
28.10.2011;14.7;12.6;15.4;14.4;13.4;14.2;17.4;14.7;14.3;18.2;16.1;14.2;12.7;15.5;15.1;13.6;13.4
29.10.2011;14.7;12.6;15.4;14.4;13.4;14.2;17.4;14.7;14.3;18.2;16.2;14.2;12.7;15.5;15.1;13.6;13.5
30.10.2011;14.7;12.6;15.5;14.4;13.4;14.2;17.4;14.7;14.4;18.2;16.2;14.2;12.7;15.5;15.1;13.6;13.5
31.10.2011;14.7;12.6;15.5;14.4;13.4;14.2;17.4;14.7;14.4;18.2;16.2;14.2;12.7;15.5;15.2;13.7;13.5
01.11.2011;14.7;12.6;15.5;14.4;13.4;14.2;17.4;14.7;14.4;18.2;16.2;14.2;12.7;15.5;15.2;13.7;13.5
02.11.2011;14.7;12.6;15.5;14.4;13.4;14.2;17.4;14.7;14.4;18.2;16.2;14.2;12.7;15.5;15.2;13.7;13.5
03.11.2011;14.7;12.6;15.5;14.4;13.4;14.2;17.4;14.7;14.4;18.2;16.2;14.2;12.7;15.5;15.2;13.7;13.5
04.11.2011;14.8;12.6;15.5;14.4;13.4;14.2;17.4;14.8;14.4;18.2;16.2;14.2;12.7;15.5;15.2;13.7;13.5
05.11.2011;14.8;12.6;15.5;14.4;13.4;14.2;17.4;14.8;14.4;18.2;16.2;14.2;12.7;15.5;15.2;13.7;13.5
06.11.2011;14.8;12.6;15.5;14.4;13.4;14.2;17.4;14.8;14.4;18.2;16.2;14.2;12.7;15.6;15.2;13.7;13.5
07.11.2011;14.8;12.6;15.5;14.4;13.4;14.2;17.4;14.8;14.4;18.2;16.2;14.2;12.7;15.6;15.2;13.8;13.5
08.11.2011;14.8;12.6;15.5;14.4;13.4;14.2;17.4;14.8;14.4;18.3;16.2;14.2;12.7;15.6;15.2;13.8;13.5
09.11.2011;14.8;12.6;15.5;14.4;13.4;14.2;17.4;14.8;14.4;18.3;16.2;14.2;12.7;15.6;15.2;13.8;13.5
10.11.2011;14.8;12.6;15.5;14.4;13.4;14.3;17.4;14.8;14.5;18.3;16.3;14.1;12.7;15.6;15.2;13.8;13.5
11.11.2011;14.8;12.6;15.5;14.5;13.4;14.3;17.4;14.8;14.5;18.3;16.3;14.1;12.7;15.6;15.2;13.8;13.5
12.11.2011;14.8;12.6;15.5;14.5;13.4;14.3;17.4;14.8;14.5;18.3;16.3;14.1;12.7;15.6;15.2;13.8;13.6
13.11.2011;14.8;12.6;15.5;14.5;13.4;14.3;17.4;14.8;14.5;18.3;16.3;14.1;12.7;15.6;15.2;13.8;13.6
14.11.2011;14.8;12.6;15.5;14.5;13.4;14.3;17.4;14.8;14.5;18.3;16.3;14.1;12.7;15.6;15.2;13.8;13.6
15.11.2011;14.8;12.7;15.5;14.5;13.4;14.3;17.4;14.8;14.5;18.3;16.3;14.1;12.7;15.6;15.2;13.8;13.6
16.11.2011;14.8;12.7;15.5;14.5;13.5;14.3;17.4;14.8;14.5;18.3;16.3;14.1;12.7;15.7;15.2;13.8;13.6
17.11.2011;14.8;12.7;15.5;14.5;13.5;14.3;17.4;14.8;14.5;18.3;16.3;14.1;12.7;15.7;15.2;13.8;13.6
18.11.2011;14.8;12.7;15.5;14.5;13.5;14.3;17.4;14.8;14.5;18.3;16.3;14.1;12.7;15.7;15.2;13.8;13.6
19.11.2011;14.8;12.7;15.5;14.5;13.5;14.3;17.4;14.8;14.5;18.3;16.3;14.1;12.7;15.7;15.3;13.8;13.6
20.11.2011;14.8;12.7;15.5;14.5;13.5;14.3;17.4;14.8;14.5;18.3;16.3;14.1;12.7;15.7;15.3;13.8;13.6
21.11.2011;14.8;12.7;15.5;14.5;13.5;14.3;17.4;14.8;14.5;18.3;16.3;14.1;12.7;15.7;15.3;13.9;13.6
22.11.2011;14.8;12.7;15.5;14.5;13.5;14.3;17.4;14.8;14.6;18.3;16.4;14;12.7;15.7;15.3;13.9;13.6
23.11.2011;14.8;12.7;15.5;14.5;13.5;14.3;17.4;14.8;14.6;18.3;16.4;14;12.7;15.7;15.3;13.9;13.6
24.11.2011;14.8;12.7;15.5;14.5;13.5;14.3;17.4;14.8;14.6;18.3;16.4;14;12.7;15.7;15.3;13.9;13.6
25.11.2011;14.8;12.7;15.5;14.5;13.5;14.4;17.4;14.8;14.6;18.3;16.4;14;12.7;15.7;15.3;13.9;13.7
26.11.2011;14.8;12.7;15.5;14.5;13.5;14.4;17.4;14.8;14.6;18.3;16.4;14;12.7;15.7;15.3;13.9;13.7
27.11.2011;14.8;12.7;15.5;14.5;13.5;14.4;17.4;14.8;14.6;18.3;16.4;14;12.7;15.7;15.3;13.9;13.7
28.11.2011;14.8;12.7;15.5;14.5;13.5;14.4;17.4;14.8;14.6;18.3;16.4;14;12.7;15.7;15.3;13.9;13.7
29.11.2011;14.9;12.7;15.5;14.5;13.5;14.4;17.4;14.8;14.6;18.3;16.4;13.9;12.7;15.8;15.3;13.9;13.7
30.11.2011;14.9;12.7;15.5;14.5;13.5;14.4;17.4;14.8;14.6;18.3;16.4;13.9;12.8;15.8;15.3;13.9;13.7
01.12.2011;14.9;12.7;15.5;14.6;13.5;14.4;17.4;14.8;14.6;18.3;16.4;13.9;12.8;15.8;15.3;13.9;13.7
02.12.2011;14.9;12.7;15.5;14.6;13.5;14.4;17.4;14.8;14.6;18.3;16.4;13.9;12.8;15.8;15.3;13.9;13.7
03.12.2011;14.9;12.7;15.5;14.6;13.5;14.4;17.4;14.8;14.7;18.3;16.4;13.9;12.8;15.8;15.3;13.9;13.7
04.12.2011;14.9;12.7;15.5;14.6;13.5;14.4;17.4;14.8;14.7;18.3;16.4;13.9;12.8;15.8;15.3;13.9;13.6
05.12.2011;14.9;12.7;15.5;14.6;13.5;14.3;17.4;14.8;14.7;18.3;16.4;13.9;12.8;15.8;15.3;13.9;13.6
06.12.2011;14.9;12.7;15.5;14.6;13.5;14.3;17.4;14.8;14.7;18.3;16.5;13.8;12.8;15.8;15.3;13.9;13.6
07.12.2011;14.9;12.7;15.5;14.6;13.5;14.3;17.4;14.8;14.8;18.2;16.5;13.8;12.8;15.8;15.4;13.9;13.6
08.12.2011;14.9;12.7;15.5;14.6;13.5;14.3;17.4;14.9;14.7;18.2;16.5;13.8;12.8;15.9;15.4;13.9;13.6
09.12.2011;14.9;12.7;15.5;14.6;13.5;14.3;17.4;14.9;14.7;18.2;16.5;13.8;12.8;15.9;15.4;13.9;13.6
10.12.2011;14.9;12.7;15.5;14.6;13.5;14.3;17.4;14.9;14.7;18.2;16.5;13.7;12.8;15.9;15.4;13.9;13.6
11.12.2011;14.9;12.7;15.5;14.6;13.6;14.3;17.4;14.9;14.7;18.2;16.5;13.7;12.8;15.9;15.4;13.9;13.6
12.12.2011;14.9;12.7;15.5;14.6;13.6;14.3;17.4;14.9;14.7;18.2;16.5;13.7;12.8;15.9;15.4;13.9;13.6
13.12.2011;14.9;12.8;15.4;14.6;13.6;14.3;17.4;14.9;14.7;18.2;16.5;13.7;12.8;15.9;15.4;13.9;13.6
14.12.2011;14.9;12.7;15.4;14.6;13.6;14.3;17.4;14.9;14.7;18.2;16.5;13.7;12.8;15.9;15.4;14;13.6
15.12.2011;14.9;12.7;15.4;14.6;13.6;14.3;17.4;14.9;14.7;18.2;16.5;13.7;12.8;15.9;15.4;14;13.6
16.12.2011;14.9;12.7;15.4;14.6;13.6;14.3;17.4;14.9;14.7;18.2;16.5;13.7;12.8;15.9;15.4;13.9;13.6
17.12.2011;14.9;12.7;15.4;14.6;13.6;14.3;17.4;14.9;14.7;18.1;16.5;13.6;12.8;15.9;15.4;14;13.5
18.12.2011;14.9;12.7;15.4;14.6;13.6;14.3;17.4;14.9;14.7;18.1;16.5;13.6;12.8;15.9;15.4;14;13.5
19.12.2011;14.9;12.7;15.4;14.6;13.6;14.3;17.4;14.9;14.6;18.1;16.5;13.6;12.8;15.9;15.4;14;13.6
20.12.2011;14.9;12.7;15.4;14.6;13.6;14.2;17.4;14.9;14.7;18.1;16.5;13.6;12.8;16;15.4;14;13.5
21.12.2011;14.9;12.7;15.4;14.6;13.6;14.2;17.4;14.9;14.7;18.1;16.5;13.6;12.8;16;15.4;14;13.5
22.12.2011;14.9;12.7;15.3;14.6;13.6;14.2;17.5;14.9;14.7;18.1;16.5;13.5;12.8;16;15.4;14;13.5
23.12.2011;15.0;12.7;15.3;14.6;13.6;14.2;17.5;14.9;14.7;18.1;16.5;13.5;12.8;16;15.4;14;13.5
24.12.2011;15.0;12.7;15.3;14.6;13.6;14.2;17.5;14.9;14.7;18.1;16.5;13.5;12.8;16;15.4;14;13.5
25.12.2011;15.0;12.7;15.3;14.6;13.6;14.2;17.5;14.9;14.6;18.1;16.6;13.4;12.8;16;15.4;14;13.5
26.12.2011;15.0;12.7;15.3;14.7;13.6;14.2;17.5;14.9;14.6;18.1;16.6;13.4;12.8;16;15.4;14;13.5
27.12.2011;15.0;12.8;15.3;14.7;13.6;14.2;17.5;15;14.6;18.1;16.6;13.4;12.8;16;15.4;14;13.5
28.12.2011;15.0;12.8;15.3;14.7;13.6;14.2;17.5;15;14.6;18.1;16.6;13.4;12.8;16;15.4;14;13.5
29.12.2011;15.0;12.8;15.3;14.7;13.6;14.2;17.5;15;14.6;18.1;16.6;13.3;12.8;16;15.5;14;13.5
30.12.2011;15.0;12.8;15.2;14.7;13.6;14.1;17.5;15;14.6;18.1;16.6;13.3;12.8;16;15.5;14;13.5
31.12.2011;15.0;12.8;15.2;14.7;13.6;14.1;17.5;15;14.6;18;16.6;13.3;12.8;16;15.5;14;13.5
01.01.2012;15.0;12.8;15.2;14.7;13.6;14.1;17.5;15;14.6;18;16.6;13.3;12.8;16.1;15.5;14;13.4
02.01.2012;15.0;12.8;15.2;14.7;13.7;14.1;17.5;15;14.6;18;16.6;13.2;12.8;16.1;15.5;14;13.4
03.01.2012;15.0;12.8;15.2;14.7;13.7;14.1;17.5;15;14.6;18;16.6;13.2;12.8;16.1;15.5;14;13.4
04.01.2012;15.0;12.8;15.2;14.7;13.7;14.1;17.5;15;14.6;18;16.6;13.2;12.8;16.1;15.5;14;13.4
05.01.2012;15.0;12.8;15.2;14.7;13.7;14.1;17.5;15;14.6;18;16.6;13.1;12.8;16.1;15.5;14;13.4
06.01.2012;15.0;12.8;15.1;14.7;13.7;14.1;17.5;15;14.6;18;16.6;13.1;12.8;16;15.5;14;13.4
07.01.2012;15.0;12.8;15.1;14.7;13.7;14.1;17.5;15;14.6;18;16.6;13.1;12.8;16;15.5;13.9;13.4
08.01.2012;15.0;12.8;15.1;14.7;13.7;14;17.5;15;14.6;18;16.6;13;12.8;16;15.5;13.9;13.4
09.01.2012;15.0;12.8;15.1;14.7;13.7;14;17.5;15;14.6;18;16.6;13;12.8;16;15.5;13.9;13.4
10.01.2012;15.0;12.8;15.1;14.7;13.7;14;17.5;15;14.6;18;16.6;12.9;12.8;16;15.5;13.9;13.4
11.01.2012;15.0;12.8;15.1;14.7;13.7;14;17.5;15;14.5;18;16.6;12.9;12.8;16;15.5;13.9;13.4
12.01.2012;15.0;12.8;15.1;14.7;13.7;14;17.5;15;14.5;18;16.6;12.8;12.8;16;15.5;13.9;13.4
13.01.2012;15.0;12.8;15;14.7;13.7;14;17.4;15;14.5;18;16.6;12.8;12.8;16;15.5;13.9;13.4
14.01.2012;15.0;12.8;15;14.7;13.7;14;17.4;15;14.5;17.9;16.6;12.7;12.8;16;15.5;13.9;13.4
15.01.2012;15.0;12.8;15;14.6;13.7;14;17.4;14.9;14.5;17.9;16.6;12.7;12.8;16;15.5;13.9;13.4
16.01.2012;15.0;12.8;15;14.6;13.7;14;17.4;14.9;14.5;17.9;16.6;12.7;12.8;16;15.5;13.9;13.4
17.01.2012;15.0;12.8;15;14.6;13.7;13.9;17.4;14.9;14.5;17.9;16.5;12.6;12.8;15.9;15.5;13.9;13.4
18.01.2012;15.0;12.8;15;14.6;13.7;13.9;17.4;14.9;14.5;17.9;16.5;12.6;12.8;15.9;15.4;13.9;13.4
19.01.2012;15.0;12.7;15;14.6;13.7;13.9;17.4;14.9;14.5;17.9;16.5;12.6;12.8;15.9;15.4;13.9;13.4
20.01.2012;14.9;12.7;14.9;14.6;13.7;13.8;17.4;14.9;14.5;17.9;16.5;12.6;12.8;15.9;15.4;13.9;13.4
21.01.2012;14.9;12.7;14.9;14.6;13.7;13.8;17.4;14.9;14.5;17.9;16.5;12.6;12.8;15.9;15.4;13.9;13.3
22.01.2012;14.9;12.7;14.9;14.6;13.7;13.8;17.4;14.9;14.5;17.9;16.5;12.5;12.8;15.9;15.4;13.9;13.3
23.01.2012;14.8;12.7;14.9;14.6;13.7;13.8;17.4;14.9;14.5;17.9;16.5;12.5;12.8;15.9;15.4;13.9;13.3
24.01.2012;14.9;12.7;14.9;14.6;13.7;13.8;17.4;14.9;14.5;17.8;16.5;12.5;12.8;15.9;15.4;13.9;13.3
25.01.2012;14.8;12.7;14.9;14.6;13.7;13.8;17.4;14.9;14.5;17.8;16.5;12.4;12.8;15.9;15.4;13.9;13.3
26.01.2012;14.9;12.7;14.8;14.6;13.8;13.7;17.4;14.9;14.5;17.8;16.5;12.4;12.8;15.9;15.4;13.9;13.3
27.01.2012;14.9;12.7;14.8;14.6;13.8;13.7;17.4;14.9;14.5;17.8;16.5;12.3;12.8;15.9;15.4;13.9;13.3
28.01.2012;14.9;12.7;14.8;14.6;13.8;13.7;17.4;14.9;14.5;17.8;16.5;12.3;12.8;15.8;15.4;13.9;13.3
29.01.2012;14.9;12.7;14.8;14.6;13.8;13.7;17.4;14.9;14.5;17.8;16.5;12.3;12.8;15.8;15.4;13.9;13.2
30.01.2012;14.9;12.7;14.8;14.6;13.8;13.7;17.4;14.9;14.5;17.8;16.5;12.3;12.8;15.8;15.4;13.9;13.2
31.01.2012;14.9;12.7;14.8;14.6;13.8;13.6;17.4;14.9;14.5;17.8;16.5;12.2;12.8;15.8;15.4;13.9;13.2
01.02.2012;14.9;12.7;14.7;14.6;13.8;13.6;17.4;14.9;14.5;17.8;16.5;12.2;12.8;15.8;15.4;13.9;13.1
02.02.2012;14.9;12.7;14.7;14.6;13.8;13.6;17.4;14.9;14.5;17.8;16.5;12.2;12.8;15.8;15.4;13.9;13.1
03.02.2012;14.9;12.7;14.7;14.6;13.8;13.6;17.4;14.9;14.5;17.8;16.5;12.1;12.8;15.8;15.4;13.9;13.1
04.02.2012;14.9;12.7;14.7;14.5;13.8;13.6;17.4;14.9;14.5;17.8;16.5;12.1;12.8;15.8;15.4;13.9;13.1
05.02.2012;14.9;12.7;14.7;14.5;13.8;13.5;17.4;14.9;14.5;17.8;16.4;12.1;12.8;15.8;15.4;13.8;13.1
06.02.2012;14.9;12.7;14.6;14.5;13.8;13.5;17.4;14.9;14.5;17.7;16.4;12.1;12.8;15.8;15.4;13.8;13.1
07.02.2012;14.9;12.7;14.6;14.5;13.8;13.5;17.4;14.9;14.5;17.7;16.4;12;12.8;15.7;15.4;13.8;13
08.02.2012;14.9;12.7;14.6;14.5;13.8;13.5;17.4;14.9;14.5;17.7;16.4;12;12.8;15.7;15.4;13.8;13
09.02.2012;14.9;12.7;14.6;14.5;13.8;13.5;17.4;14.9;14.5;17.7;16.4;12;12.8;15.7;15.4;13.8;13
10.02.2012;14.8;12.7;14.6;14.5;13.8;13.4;17.4;14.9;14.5;17.7;16.4;12;12.8;15.7;15.4;13.8;13
11.02.2012;14.8;12.7;14.6;14.5;13.8;13.4;17.4;14.9;14.5;17.7;16.4;11.9;12.8;15.7;15.4;13.8;13
12.02.2012;14.8;12.7;14.5;14.5;13.8;13.4;17.4;14.9;14.5;17.7;16.4;11.9;12.8;15.7;15.4;13.8;13
13.02.2012;14.8;12.7;14.5;14.5;13.8;13.4;17.4;14.9;14.5;17.7;16.4;11.9;12.8;15.6;15.3;13.8;13
14.02.2012;14.8;12.7;14.5;14.5;13.8;13.4;17.3;14.9;14.5;17.7;16.4;11.8;12.8;15.6;15.3;13.8;12.9
15.02.2012;14.8;12.7;14.5;14.5;13.8;13.3;17.3;14.9;14.5;17.6;16.3;11.8;12.8;15.6;15.3;13.8;12.9
16.02.2012;14.8;12.7;14.5;14.5;13.8;13.3;17.3;14.9;14.5;17.6;16.3;11.8;12.8;15.6;15.3;13.8;12.9
17.02.2012;14.8;12.7;14.5;14.5;13.8;13.3;17.3;14.9;14.5;17.6;16.3;11.8;12.8;15.6;15.3;13.8;12.9
18.02.2012;14.8;12.7;14.4;14.5;13.8;13.3;17.3;14.9;14.5;17.6;16.3;11.8;12.8;15.6;15.3;13.7;12.9
19.02.2012;14.8;12.7;14.4;14.5;13.8;13.3;17.3;14.9;14.5;17.6;16.3;11.7;12.8;15.6;15.3;13.7;12.9
20.02.2012;14.8;12.7;14.4;14.5;13.8;13.2;17.3;14.9;14.5;17.5;16.3;11.7;12.8;15.6;15.3;13.7;12.8
21.02.2012;14.8;12.7;14.4;14.5;13.8;13.2;17.3;14.9;14.5;17.5;16.3;11.7;12.8;15.6;15.3;13.7;12.8
22.02.2012;14.8;12.7;14.4;14.5;13.8;13.2;17.3;14.9;14.5;17.5;16.3;11.7;12.8;15.6;15.3;13.7;12.8
23.02.2012;14.8;12.7;14.4;14.5;13.8;13.2;17.3;14.9;14.5;17.5;16.3;11.6;12.8;15.5;15.3;13.7;12.8
24.02.2012;14.8;12.8;14.3;14.5;13.8;13.1;17.3;14.9;14.5;17.5;16.3;11.6;12.7;15.5;15.3;13.7;12.8
25.02.2012;14.8;12.7;14.3;14.4;13.8;13.1;17.3;14.9;14.5;17.5;16.3;11.6;12.7;15.5;15.3;13.6;12.8
26.02.2012;14.8;12.7;14.3;14.4;13.8;13.1;17.3;14.9;14.5;17.5;16.3;11.6;12.7;15.5;15.3;13.6;12.8
27.02.2012;14.7;12.7;14.3;14.4;13.8;13.1;17.3;14.9;14.5;17.5;16.3;11.6;12.7;15.5;15.2;13.6;12.7
28.02.2012;14.7;12.7;14.2;14.4;13.8;13.1;17.3;14.9;14.5;17.4;16.2;11.5;12.7;15.5;15.2;13.6;12.7
29.02.2012;14.7;12.7;14.2;14.4;13.8;13;17.3;14.9;14.5;17.4;16.2;11.5;12.7;15.5;15.2;13.6;12.7
01.03.2012;14.8;12.7;14.2;14.4;13.8;13;17.3;14.8;14.5;17.4;16.2;11.5;12.7;15.5;15.2;13.6;12.7
02.03.2012;14.7;12.7;14.2;14.4;13.8;13;17.3;14.8;14.5;17.4;16.2;11.4;12.7;15.4;15.2;13.6;12.7
03.03.2012;14.7;12.7;14.2;14.4;13.8;13;17.3;14.8;14.5;17.4;16.2;11.4;12.7;15.4;15.2;13.6;12.7
04.03.2012;14.7;12.7;14.2;14.4;13.8;12.9;17.3;14.8;14.5;17.4;16.2;11.4;12.7;15.4;15.2;13.5;12.6
05.03.2012;14.7;12.7;14.1;14.4;13.8;12.9;17.3;14.8;14.5;17.4;16.2;11.4;12.8;15.4;15.2;13.5;12.6
06.03.2012;14.7;12.7;14.1;14.4;13.8;12.9;17.3;14.8;14.5;17.3;16.2;11.3;12.7;15.4;15.2;13.5;12.6
07.03.2012;14.7;12.7;14.1;14.4;13.8;12.9;17.3;14.8;14.5;17.3;16.2;11.3;12.7;15.4;15.2;13.5;12.6
08.03.2012;14.7;12.7;14.1;14.4;13.8;12.8;17.3;14.8;14.5;17.3;16.2;11.3;12.7;15.4;15.2;13.5;12.6
09.03.2012;14.7;12.7;14.1;14.4;13.8;12.8;17.3;14.8;14.5;17.3;16.2;11.3;12.7;15.4;15.2;13.5;12.5
10.03.2012;14.7;12.7;14.1;14.4;13.8;12.8;17.3;14.8;14.5;17.3;16.2;11.2;12.7;15.4;15.2;13.5;12.5
11.03.2012;14.7;12.7;14.1;14.4;13.8;12.8;17.3;14.8;14.5;17.3;16.2;11.2;12.7;15.3;15.2;13.5;12.5
12.03.2012;14.6;12.7;14;14.3;13.8;12.8;17.3;14.8;14.5;17.3;16.2;11.2;12.7;15.3;15.1;13.5;12.5
13.03.2012;14.6;12.7;14;14.3;13.8;12.7;17.3;14.8;14.5;17.2;16.1;11.2;12.7;15.3;15.1;13.4;12.5
14.03.2012;14.6;12.7;14;14.3;13.8;12.7;17.3;14.8;14.5;17.2;16.1;11.2;12.7;15.3;15.1;13.4;12.5
15.03.2012;14.6;12.7;14;14.3;13.8;12.7;17.3;14.8;14.5;17.2;16.1;11.1;12.7;15.3;15.1;13.4;12.5
16.03.2012;14.6;12.7;14;14.3;13.8;12.7;17.3;14.8;14.4;17.2;16.1;11.1;12.7;15.3;15.1;13.4;12.4
17.03.2012;14.6;12.7;14;14.3;13.8;12.6;17.3;14.9;14.4;17.2;16.1;11.1;12.7;15.2;15.1;13.4;12.4
18.03.2012;14.6;12.7;14;14.3;13.8;12.6;17.3;14.8;14.4;17.1;16.1;11.1;12.7;15.2;15.1;13.4;12.4
19.03.2012;14.6;12.7;13.9;14.3;13.8;12.6;17.3;14.7;14.4;17.1;16.1;11.1;12.7;15.2;15.1;13.4;12.3
20.03.2012;14.6;12.7;13.9;14.3;13.8;12.6;17.2;14.7;14.4;17.1;16.1;11;12.7;15.2;15.1;13.4;12.3
21.03.2012;14.6;12.7;13.9;14.3;13.8;12.6;17.2;14.7;14.4;17.1;16.1;11;12.7;15.2;15.1;13.3;12.3
22.03.2012;14.6;12.7;13.9;14.3;13.8;12.5;17.2;14.7;14.4;17.1;16.1;11;12.7;15.2;15.1;13.3;12.3
23.03.2012;14.5;12.7;13.9;14.3;13.8;12.5;17.2;14.7;14.4;17.1;16.1;10.9;12.7;15.2;15.1;13.3;12.3
24.03.2012;14.5;12.7;13.9;14.3;13.8;12.5;17.2;14.7;14.4;17;16.1;10.9;12.7;15.2;15;13.3;12.3
25.03.2012;14.6;12.7;13.9;14.3;13.8;12.5;17.2;14.9;14.4;17;16.1;10.9;12.7;15.1;15;13.3;12.3
26.03.2012;14.5;12.7;13.8;14.2;13.8;12.4;17.2;14.7;14.4;17;16;10.9;12.7;15.1;15;13.3;12.2
27.03.2012;14.5;12.7;13.8;14.2;13.8;12.4;17.2;14.7;14.4;17;16;10.9;12.7;15.1;15;13.3;12.2
28.03.2012;14.5;12.7;13.8;14.2;13.8;12.4;17.2;14.6;14.4;17;16;10.9;12.7;15.1;15;13.3;12.2
29.03.2012;14.5;12.7;13.8;14.2;13.8;12.4;17.2;14.6;14.4;16.9;16;10.9;12.7;15.1;15;13.2;12.2
30.03.2012;14.5;12.6;13.8;14.2;13.8;12.4;17.2;14.6;14.4;16.9;16;10.9;12.7;15.1;15;13.2;12.2
31.03.2012;14.4;12.6;13.8;14.2;13.8;12.4;17.2;14.7;14.3;16.9;16;10.9;12.7;15.1;15;13.2;12.2
01.04.2012;14.4;12.6;13.8;14.2;13.8;12.3;17.2;14.7;14.3;16.9;16;10.8;12.7;15;15;13.2;12.2
02.04.2012;14.4;12.6;13.8;14.2;13.8;12.3;17.2;14.7;14.3;16.9;16;10.8;12.7;15;15;13.2;12.2
03.04.2012;14.4;12.6;13.8;14.1;13.8;12.3;17.2;14.7;14.3;16.8;16;10.8;12.7;15;15;13.2;12.1
04.04.2012;14.4;12.6;13.7;14.1;13.8;12.3;17.2;14.7;14.3;16.8;16;10.8;12.7;15;15;13.2;12.1
05.04.2012;14.4;12.6;13.7;14.1;13.8;12.3;17.2;14.7;14.3;16.8;16;10.8;12.7;15;14.9;13.2;12.1
06.04.2012;14.4;12.6;13.7;14.1;13.8;12.3;17.2;14.7;14.3;16.8;16;10.8;12.7;15;14.9;13.1;12.1
07.04.2012;14.4;12.6;13.7;14.1;13.8;12.3;17.1;14.7;14.3;16.8;16;10.8;12.7;15;14.9;13.1;12.1
08.04.2012;14.4;12.6;13.7;14.1;13.8;12.3;17.1;14.6;14.3;16.7;15.9;10.8;12.7;15;14.9;13.1;12.1
09.04.2012;14.4;12.6;13.7;14.1;13.8;12.2;17.1;14.6;14.3;16.7;15.9;10.8;12.7;14.9;14.9;13.1;12.1
10.04.2012;14.4;12.6;13.7;14.1;13.8;12.2;17.1;14.7;14.3;16.7;15.9;10.8;12.7;14.9;14.9;13.1;12.1
11.04.2012;14.3;12.6;13.7;14.1;13.8;12.2;17.1;14.6;14.3;16.7;15.9;10.8;12.7;14.9;14.9;13;12.1
12.04.2012;14.3;12.6;13.7;14.1;13.8;12.2;17.1;14.6;14.3;16.7;15.9;10.8;12.7;14.9;14.9;13;12.1
13.04.2012;14.3;12.6;13.7;14.1;13.8;12.2;17.1;14.6;14.2;16.6;15.9;10.8;12.7;14.9;14.9;13;12.1
14.04.2012;14.3;12.6;13.7;14.1;13.8;12.2;17.1;14.6;14.2;16.6;15.9;10.8;12.7;14.9;14.9;13;12
15.04.2012;14.3;12.6;13.7;14.1;13.8;12.2;17.1;14.6;14.2;16.6;15.9;10.8;12.7;14.9;14.9;13;12
16.04.2012;14.3;12.6;13.7;14.1;13.8;12.2;17.1;14.6;14.2;16.6;15.9;10.8;12.7;14.9;14.8;13;12
17.04.2012;14.3;12.6;13.7;14.1;13.8;12.2;17.1;14.6;14.2;16.6;15.9;10.8;12.7;14.8;14.8;13;12
18.04.2012;14.3;12.6;13.7;14.1;13.8;12.2;17.1;14.6;14.2;16.5;15.9;10.8;12.7;14.8;14.8;13;12
19.04.2012;14.2;12.5;13.7;14.0;13.8;12.2;17.1;14.6;14.2;16.5;15.9;10.8;12.7;14.8;14.8;13;12
20.04.2012;14.2;12.5;13.7;14.0;13.8;12.1;17.1;14.6;14.2;16.5;15.8;10.8;12.7;14.8;14.8;13;12
21.04.2012;14.2;12.5;13.7;14.0;13.8;12.2;17.1;14.6;14.2;16.5;15.8;10.8;12.7;14.8;14.8;13;12
22.04.2012;14.2;12.5;13.7;14.0;13.8;12.1;17.1;14.6;14.2;16.5;15.8;10.8;12.7;14.8;14.8;13;12
23.04.2012;14.2;12.5;13.7;14.0;13.8;12.1;17.1;14.6;14.2;16.4;15.8;10.8;12.7;14.8;14.8;12.9;12
24.04.2012;14.2;12.5;13.7;14.0;13.8;12.1;17.1;14.6;14.2;16.4;15.8;10.8;12.7;14.8;14.8;12.9;12
25.04.2012;14.2;12.5;13.7;14.0;13.8;12.1;17.1;14.6;14.2;16.4;15.8;10.8;12.7;14.8;14.8;12.9;12
26.04.2012;14.2;12.5;13.7;14.0;13.8;12.1;17.1;14.5;14.2;16.4;15.8;10.8;12.7;14.7;14.8;12.9;12
27.04.2012;14.2;12.5;13.7;14.0;13.8;12.1;17.1;14.5;14.2;16.4;15.8;10.8;12.7;14.7;14.8;12.9;12
28.04.2012;14.2;12.5;13.7;14.0;13.8;12.1;17.1;14.5;14.1;16.3;15.8;10.8;12.7;14.7;14.8;12.9;12
29.04.2012;14.2;12.5;13.7;14.0;13.8;12.1;17.1;14.5;14.1;16.3;15.8;10.8;12.7;14.7;14.8;12.9;12
30.04.2012;14.2;12.5;13.7;14.0;13.8;12.1;17.1;14.50;14.1;16.3;15.8;10.8;12.7;14.7;14.8;12.9;12
01.05.2012;14.2;12.5;13.7;14;13.8;12.10;17.1;14.5;14.1;16.2;15.8;10.8;12.7;14.7;14.8;12.9;12
02.05.2012;14.1;12.5;13.7;14;13.7;12.1;17.1;14.6;14.1;16.2;15.8;10.8;12.7;14.7;14.7;12.9;12
03.05.2012;14.1;12.5;13.7;14;13.8;12.1;17;14.5;14.1;16.2;15.7;10.8;12.7;14.6;14.7;12.9;12
04.05.2012;14.1;12.5;13.7;14;13.7;12.1;17.1;14.5;14.1;16.2;15.7;10.8;12.7;14.6;14.7;12.9;12
05.05.2012;14.1;12.5;13.7;14;13.7;12.1;17;14.5;14.1;16.2;15.7;10.8;12.7;14.6;14.7;12.9;12
06.05.2012;14.1;12.4;13.7;13.9;13.7;12.1;17;14.5;14.1;16.1;15.7;10.8;12.7;14.6;14.7;12.9;12
07.05.2012;14.1;12.4;13.7;13.9;13.7;12.1;17;14.5;14.1;16.1;15.7;10.8;12.7;14.6;14.7;12.9;12
08.05.2012;14.1;12.4;13.7;13.9;13.7;12.1;17;14.6;14.1;16.1;15.7;10.8;12.7;14.6;14.7;12.8;12
09.05.2012;14.1;12.4;13.7;13.9;13.7;12.1;17;14.5;14.1;16.1;15.7;10.8;12.7;14.6;14.7;12.8;12
10.05.2012;14.1;12.4;13.7;13.9;13.7;12.1;17;14.5;14.1;16.1;15.7;10.8;12.7;14.6;14.7;12.8;12
11.05.2012;14.1;12.4;13.7;13.9;13.7;12.1;17;14.5;14.1;16.1;15.7;10.9;12.7;14.6;14.7;12.8;12
12.05.2012;14.1;12.4;13.7;13.9;13.7;12.1;17;14.4;14.1;16;15.7;10.9;12.7;14.6;14.7;12.8;12
13.05.2012;14;12.4;13.8;13.9;13.7;12.1;17;14.4;14.1;16;15.7;10.9;12.7;14.6;14.7;12.8;12
14.05.2012;14;12.4;13.8;13.9;13.7;12.1;17;14.4;14.1;16;15.7;10.9;12.7;14.6;14.6;12.8;12
15.05.2012;14;12.4;13.8;13.9;13.7;12.1;17;14.4;14;16;15.7;10.9;12.7;14.5;14.6;12.8;12
16.05.2012;14;12.4;13.8;13.9;13.7;12.1;17;14.4;14;16;15.7;10.9;12.7;14.6;14.6;12.8;12
17.05.2012;14;12.4;13.8;13.9;13.7;12.1;17;14.4;14;16;15.6;10.9;12.7;14.6;14.6;12.8;12
18.05.2012;14;12.4;13.8;13.9;13.7;12.1;17;14.4;14;16;15.6;10.9;12.7;14.5;14.6;12.8;12
19.05.2012;14;12.4;13.8;13.9;13.7;12.1;17;14.5;14;16;15.6;10.9;12.7;14.5;14.6;12.8;12
20.05.2012;14;12.4;13.8;13.9;13.7;12.1;17;14.4;14;15.9;15.6;10.9;12.7;14.5;14.6;12.8;12
21.05.2012;14;12.4;13.8;13.9;13.7;12.1;17;14.4;14;15.9;15.6;10.9;12.7;14.5;14.6;12.8;12
22.05.2012;14;12.4;13.8;13.9;13.7;12.1;17;14.4;14;15.9;15.6;11;12.7;14.5;14.6;12.8;12
23.05.2012;14;12.4;13.8;13.9;13.7;12.1;17;14.4;14;15.9;15.6;11;12.7;14.5;14.6;12.8;12
24.05.2012;14;12.4;13.8;13.9;13.7;12.1;17;14.4;14;15.9;15.6;11;12.7;14.5;14.6;12.8;12
25.05.2012;14;12.4;13.8;13.9;13.7;12.1;17;14.4;14;15.9;15.6;11;12.7;14.5;14.6;12.8;12
26.05.2012;14;12.4;13.9;13.9;13.7;12.2;17;14.4;14;15.9;15.6;11;12.7;14.5;14.6;12.8;12
27.05.2012;14;12.3;13.9;13.9;13.7;12.2;17;14.4;14;15.9;15.6;11;12.7;14.5;14.6;12.8;12
28.05.2012;14;12.3;13.9;13.9;13.7;12.2;17;14.4;14;15.9;15.6;11.1;12.7;14.5;14.6;12.8;12
29.05.2012;14;12.4;13.9;13.9;13.7;12.2;17;14.4;13.9;15.8;15.6;11.1;12.7;14.5;14.6;12.8;12
30.05.2012;14;12.3;13.9;13.9;13.7;12.2;17;14.4;13.9;15.8;15.6;11.1;12.7;14.5;14.6;12.8;12
31.05.2012;14;12.4;13.9;13.9;13.7;12.2;17;14.4;13.9;15.8;15.6;11.1;12.7;14.5;14.6;12.8;12
01.06.2012;14;12.3;13.9;13.9;13.7;12.2;17;14.4;13.9;15.8;15.6;11.1;12.7;14.5;14.6;12.8;12
02.06.2012;13.9;12.3;14;13.8;13.6;12.2;17;14.4;13.9;15.8;15.6;11.1;12.7;14.5;14.6;12.8;12
03.06.2012;13.9;12.3;14;13.8;13.6;12.2;17;14.4;13.9;15.8;15.5;11.1;12.7;14.5;14.6;12.8;12
04.06.2012;13.9;12.3;14;13.8;13.6;12.2;17;14.4;13.9;15.8;15.5;11.1;12.7;14.5;14.6;12.8;12.1
05.06.2012;13.9;12.3;14;13.8;13.6;12.2;17;14.4;13.9;15.8;15.5;11.2;12.7;14.5;14.6;12.8;12.1
06.06.2012;13.9;12.3;14;13.9;13.6;12.3;17;14.4;13.9;15.8;15.5;11.2;12.7;14.5;14.6;12.8;12.1
07.06.2012;13.9;12.3;14;13.9;13.6;12.3;17;14.3;13.9;15.8;15.5;11.2;12.7;14.5;14.6;12.8;12.1
08.06.2012;13.9;12.3;14;13.8;13.6;12.3;16.9;14.3;13.9;15.8;15.5;11.2;12.7;14.5;14.6;12.8;12.1
09.06.2012;13.9;12.3;14;13.8;13.6;12.3;16.9;14.3;13.9;15.8;15.5;11.2;12.7;14.5;14.6;12.8;12.1
10.06.2012;13.9;12.3;14;13.8;13.6;12.3;17;14.3;13.9;15.8;15.5;11.3;12.7;14.5;14.6;12.8;12.1
11.06.2012;13.9;12.3;14.1;13.8;13.6;12.3;16.9;14.3;13.9;15.8;15.5;11.3;12.7;14.4;14.6;12.8;12.1
12.06.2012;13.9;12.3;14.1;13.8;13.6;12.3;16.9;14.3;13.9;15.8;15.5;11.3;12.7;14.4;14.6;12.8;12.1
13.06.2012;13.9;12.3;14.1;13.8;13.6;12.3;16.9;14.3;13.9;15.8;15.5;11.3;12.7;14.4;14.6;12.8;12.1
14.06.2012;13.9;12.3;14.1;13.8;13.6;12.3;16.9;14.3;13.9;15.8;15.5;11.3;12.7;14.4;14.6;12.8;12.1
15.06.2012;13.9;12.3;14.1;13.9;13.6;12.4;16.9;14.3;13.9;15.8;15.5;11.4;12.7;14.4;14.6;12.8;12.1
16.06.2012;13.9;12.3;14.1;13.9;13.6;12.4;16.9;14.3;13.9;15.8;15.5;11.4;12.7;14.5;14.6;12.8;12.1
17.06.2012;13.9;12.3;14.2;13.9;13.6;12.4;16.9;14.3;13.9;15.8;15.5;11.4;12.7;14.4;14.6;12.8;12.1
18.06.2012;13.9;12.3;14.2;13.9;13.6;12.4;16.9;14.3;13.9;15.8;15.5;11.4;12.7;14.4;14.6;12.8;12.1
19.06.2012;13.9;12.3;14.2;13.9;13.6;12.4;16.9;14.4;13.9;15.8;15.5;11.5;12.7;14.5;14.6;12.8;12.1
20.06.2012;13.9;12.3;14.2;13.8;13.5;12.4;16.9;14.3;13.9;15.8;15.5;11.5;12.7;14.5;14.6;12.8;12.2
21.06.2012;13.9;12.3;14.2;13.9;13.6;12.4;16.9;14.3;13.9;15.8;15.5;11.5;12.7;14.4;14.6;12.8;12.2
22.06.2012;13.9;12.3;14.2;13.9;13.5;12.4;16.9;14.3;13.9;15.8;15.4;11.5;12.7;14.4;14.6;12.8;12.2
23.06.2012;13.9;12.3;14.3;13.9;13.5;12.5;16.9;14.3;13.9;15.8;15.4;11.6;12.7;14.4;14.6;12.8;12.2
24.06.2012;13.9;12.3;14.3;13.9;13.5;12.5;16.8;14.3;13.9;15.9;15.4;11.6;12.7;14.4;14.6;12.8;12.2
25.06.2012;13.9;12.3;14.3;13.9;13.5;12.5;16.9;14.3;13.9;15.9;15.4;11.6;12.7;14.4;14.6;12.8;12.2
26.06.2012;13.9;12.3;14.3;13.9;13.5;12.5;16.8;14.3;13.9;15.9;15.4;11.6;12.7;14.5;14.6;12.8;12.2
27.06.2012;13.9;12.3;14.4;13.9;13.5;12.5;16.9;14.3;13.9;15.9;15.4;11.7;12.7;14.5;14.6;12.8;12.2
28.06.2012;13.8;12.3;14.4;13.9;13.5;12.5;16.8;14.3;13.9;15.9;15.4;11.7;12.7;14.5;14.6;12.8;12.2
29.06.2012;13.8;12.3;14.4;13.9;13.5;12.5;16.9;14.3;13.9;15.9;15.4;11.7;12.7;14.5;14.6;12.8;12.2
30.06.2012;13.8;12.3;14.4;13.9;13.5;12.5;16.8;14.3;13.9;15.9;15.4;11.7;12.7;14.5;14.6;12.8;12.2
01.07.2012;13.8;12.3;14.4;13.9;13.5;12.5;16.8;14.3;13.9;16;15.4;11.7;12.7;14.5;14.6;12.8;12.3
02.07.2012;13.8;12.3;14.4;13.9;13.5;12.6;16.8;14.3;13.9;16;15.4;11.8;12.7;14.5;14.6;12.8;12.3
03.07.2012;13.8;12.3;14.5;13.9;13.5;12.6;16.9;14.3;13.9;16;15.4;11.8;12.7;14.5;14.6;12.8;12.3
04.07.2012;13.8;12.3;14.5;13.9;13.5;12.6;16.9;14.3;13.9;16;15.4;11.8;12.7;14.5;14.6;12.8;12.3
05.07.2012;13.9;12.3;14.5;13.9;13.5;12.6;16.9;14.3;13.9;16;15.4;11.9;12.7;14.5;14.6;12.8;12.3
06.07.2012;13.8;12.3;14.5;13.9;13.5;12.6;16.9;14.3;13.9;16.1;15.4;11.9;12.7;14.5;14.6;12.8;12.3
07.07.2012;13.8;12.3;14.5;13.9;13.5;12.6;16.9;14.3;13.9;16.1;15.4;11.9;12.7;14.5;14.6;12.8;12.3
08.07.2012;13.8;12.3;14.5;13.9;13.5;12.6;16.9;14.3;13.9;16.1;15.4;12;12.7;14.5;14.6;12.8;12.3
09.07.2012;13.8;12.3;14.6;13.9;13.5;12.6;16.9;14.3;13.9;16.1;15.4;12;12.7;14.5;14.6;12.8;12.3
10.07.2012;13.8;12.3;14.6;13.9;13.5;12.6;16.9;14.3;13.9;16.2;15.4;12;12.7;14.5;14.6;12.8;12.3
11.07.2012;13.9;12.3;14.6;13.9;13.5;12.6;16.9;14.3;13.9;16.2;15.4;12;12.7;14.5;14.6;12.8;12.3
12.07.2012;13.9;12.3;14.6;13.9;13.5;12.6;16.9;14.3;13.9;16.2;15.4;12.1;12.7;14.5;14.6;12.9;12.4
13.07.2012;13.9;12.3;14.6;13.9;13.5;12.7;16.9;14.3;13.9;16.3;15.4;12.1;12.7;14.5;14.6;12.9;12.4
14.07.2012;13.9;12.3;14.6;13.9;13.5;12.7;16.9;14.3;13.9;16.3;15.4;12.1;12.7;14.5;14.6;12.9;12.4
15.07.2012;13.9;12.3;14.6;13.9;13.5;12.7;16.9;14.3;13.9;16.4;15.4;12.2;12.7;14.5;14.6;12.9;12.4
16.07.2012;13.9;12.3;14.7;13.9;13.5;12.7;16.9;14.3;13.9;16.4;15.4;12.1;12.7;14.5;14.6;12.9;12.4
17.07.2012;13.9;12.3;14.7;13.9;13.5;12.7;16.9;14.3;13.9;16.4;15.4;12.2;12.7;14.5;14.6;12.9;12.4
18.07.2012;13.9;12.3;14.7;13.9;13.5;12.7;16.9;14.3;13.9;16.4;15.4;12.3;12.7;14.5;14.6;12.9;12.5
19.07.2012;13.9;12.3;14.7;13.9;13.5;12.7;16.9;14.3;13.9;16.5;15.4;12.3;12.7;14.6;14.6;12.9;12.5
20.07.2012;13.9;12.3;14.7;13.9;13.5;12.8;16.9;14.3;13.9;16.5;15.4;12.3;12.7;14.6;14.6;12.9;12.5
21.07.2012;13.9;12.3;14.7;13.9;13.5;12.8;16.9;14.3;13.9;16.5;15.4;12.3;12.7;14.6;14.6;12.9;12.5
22.07.2012;13.9;12.3;14.7;13.9;13.5;12.8;16.9;14.3;13.9;16.6;15.4;12.3;12.7;14.6;14.7;12.9;12.5
23.07.2012;13.9;12.3;14.7;13.9;13.5;12.8;16.9;14.3;13.9;16.6;15.4;12.4;12.7;14.6;14.7;12.9;12.5
24.07.2012;13.9;12.3;14.8;14;13.5;12.8;16.9;14.3;13.9;16.6;15.4;12.5;12.7;14.6;14.7;12.9;12.5
25.07.2012;13.9;12.3;14.8;14;13.5;12.8;16.9;14.3;13.9;16.6;15.4;12.5;12.7;14.6;14.7;12.9;12.5
26.07.2012;13.9;12.3;14.8;14;13.5;12.8;16.9;14.3;13.9;16.7;15.4;12.5;12.7;14.6;14.7;12.9;12.6
27.07.2012;13.9;12.3;14.8;14;13.5;12.9;16.9;14.3;13.9;16.7;15.4;12.5;12.7;14.6;14.7;12.9;12.6
28.07.2012;13.9;12.3;14.8;14;13.5;12.9;16.9;14.3;13.9;16.7;15.4;12.6;12.7;14.6;14.7;12.9;12.6
29.07.2012;13.9;12.3;14.8;14;13.5;12.9;16.9;14.3;13.9;16.8;15.4;12.6;12.7;14.6;14.7;12.9;12.6
30.07.2012;13.9;12.3;14.9;14;13.4;12.9;16.9;14.3;13.9;16.8;15.4;12.6;12.7;14.6;14.7;13;12.6
31.07.2012;13.9;12.3;14.9;14;13.4;12.9;16.9;14.3;13.9;16.8;15.5;12.7;12.7;14.6;14.7;13;12.6
01.08.2012;13.9;12.3;14.9;14;13.4;12.9;16.9;14.3;13.9;16.9;15.5;12.7;12.7;14.6;14.7;13;12.6
02.08.2012;13.9;12.3;14.9;14;13.4;12.9;16.9;14.3;13.9;16.9;15.4;12.7;12.7;14.7;14.7;13;12.6
03.08.2012;13.9;12.4;14.9;14;13.4;13;16.9;14.3;13.9;16.9;15.5;12.7;12.7;14.7;14.7;13;12.7
04.08.2012;13.9;12.4;14.9;14;13.4;13;16.9;14.3;13.9;17;15.5;12.8;12.7;14.7;14.8;13;12.7
05.08.2012;13.9;12.4;14.9;14;13.4;13;16.9;14.3;13.9;17;15.5;12.8;12.7;14.7;14.8;13;12.7
06.08.2012;13.9;12.4;15;14;13.4;13;16.9;14.3;13.9;17;15.5;12.8;12.7;14.7;14.8;13;12.7
07.08.2012;13.9;12.4;15;14;13.4;13;16.9;14.3;13.9;17.1;15.5;12.8;12.7;14.7;14.8;13;12.7
08.08.2012;13.9;12.4;15;14;13.4;13;16.9;14.3;13.9;17.1;15.5;12.9;12.7;14.7;14.8;13;12.7
09.08.2012;14;12.4;15;14;13.4;13.1;16.9;14.3;13.9;17.1;15.5;12.9;12.7;14.7;14.8;13;12.7
10.08.2012;14;12.4;15;14;13.4;13.1;16.9;14.3;13.9;17.2;15.5;12.9;12.7;14.7;14.8;13;12.8
11.08.2012;14;12.4;15;14;13.4;13.1;16.9;14.3;13.9;17.2;15.5;13;12.7;14.8;14.8;13;12.8
12.08.2012;14;12.4;15;14;13.4;13.1;16.9;14.4;13.9;17.2;15.5;13;12.7;14.8;14.8;13;12.8
13.08.2012;14;12.4;15.1;14;13.4;13.1;16.9;14.4;13.9;17.2;15.5;13;12.7;14.8;14.8;13;12.8
14.08.2012;14;12.4;15.1;14;13.4;13.1;16.9;14.4;13.9;17.3;15.5;13;12.7;14.8;14.8;13;12.8
15.08.2012;14;12.4;15.1;14.1;13.4;13.2;16.9;14.4;13.9;17.3;15.5;13;12.7;14.8;14.8;13;12.8
16.08.2012;14;12.4;15.1;14.1;13.4;13.2;16.9;14.3;14;17.3;15.5;13;12.7;14.8;14.8;13.1;12.8
17.08.2012;14;12.4;15.2;14.1;13.4;13.2;16.9;14.3;14;17.4;15.5;13.1;12.7;14.8;14.8;13.1;12.9
18.08.2012;14;12.4;15.2;14.1;13.4;13.2;16.9;14.4;14;17.4;15.5;13.1;12.7;14.8;14.8;13.1;12.9
19.08.2012;14;12.4;15.2;14.1;13.4;13.2;16.9;14.4;14;17.4;15.5;13.1;12.7;14.8;14.8;13.1;12.9
20.08.2012;14;12.4;15.2;14.1;13.4;13.2;16.9;14.4;14;17.5;15.6;13.2;12.7;14.8;14.9;13.1;12.9
21.08.2012;14;12.4;15.2;14.1;13.4;13.3;16.9;14.4;14;17.5;15.6;13.2;12.7;14.8;14.9;13.1;12.9
22.08.2012;14;12.4;15.2;14.1;13.4;13.3;16.9;14.3;14;17.5;15.6;13.2;12.7;14.8;14.9;13.1;12.9
23.08.2012;14;12.4;15.2;14.1;13.4;13.3;16.9;14.4;14;17.6;15.6;13.2;12.7;14.9;14.9;13.1;12.9
24.08.2012;14;12.4;15.2;14.1;13.4;13.3;16.9;14.4;14;17.6;15.6;13.2;12.7;14.9;14.9;13.2;13
25.08.2012;14;12.4;15.2;14.1;13.4;13.3;16.9;14.3;14;17.7;15.6;13.2;12.7;14.9;14.9;13.2;13
26.08.2012;14;12.4;15.3;14.1;13.4;13.3;16.9;14.4;14;17.7;15.6;13.3;12.7;14.9;14.9;13.2;13
27.08.2012;14;12.4;15.3;14.1;13.4;13.4;16.9;14.4;14;17.7;15.6;13.3;12.7;14.9;14.9;13.2;13
28.08.2012;14;12.4;15.3;14.1;13.4;13.4;16.9;14.4;14;17.7;15.6;13.4;12.7;14.9;14.9;13.2;13
29.08.2012;14;12.4;15.3;14.1;13.4;13.4;16.9;14.4;14;17.8;15.6;13.4;12.7;14.9;14.9;13.2;13
30.08.2012;14;12.4;15.3;14.1;13.4;13.4;16.9;14.4;14;17.8;15.6;13.4;12.7;14.9;14.9;13.2;13
31.08.2012;14.1;12.4;15.3;14.1;13.4;13.4;16.9;14.4;14.1;17.8;15.6;13.4;12.7;14.9;14.9;13.2;13.1
01.09.2012;14.1;12.4;15.3;14.1;13.4;13.4;17;14.4;14.1;17.9;15.6;13.4;12.7;14.9;14.9;13.2;13.1
02.09.2012;14.1;12.4;15.3;14.1;13.4;13.5;17;14.4;14.1;17.9;15.6;13.4;12.7;15;14.9;13.2;13.1
03.09.2012;14.1;12.4;15.3;14.2;13.4;13.5;17;14.4;14.1;17.9;15.6;13.5;12.7;15;14.9;13.2;13.1
04.09.2012;14.1;12.4;15.4;14.2;13.4;13.5;17;14.4;14.1;18;15.6;13.5;12.7;15;15;13.2;13.1
05.09.2012;14.1;12.4;15.4;14.2;13.4;13.5;17;14.4;14.1;18;15.7;13.5;12.7;15;15;13.3;13.1
06.09.2012;14.1;12.4;15.4;14.2;13.4;13.5;17;14.4;14.1;18;15.7;13.5;12.7;15;15;13.3;13.1
07.09.2012;14.1;12.4;15.4;14.2;13.4;13.5;17;14.4;14.1;18.1;15.7;13.6;12.7;15;15;13.3;13.2
08.09.2012;14.1;12.4;15.4;14.2;13.4;13.6;17;14.4;14.1;18.1;15.7;13.6;12.7;15;15;13.3;13.2
09.09.2012;14.1;12.4;15.4;14.2;13.4;13.6;17;14.5;14.1;18.1;15.7;13.6;12.7;15;15;13.3;13.2
10.09.2012;14.1;12.4;15.4;14.2;13.4;13.6;17;14.4;14.1;18.1;15.7;13.6;12.7;15.1;15;13.3;13.2
11.09.2012;14.1;12.5;15.4;14.2;13.4;13.6;17;14.4;14.1;18.1;15.7;13.6;12.7;15.1;15;13.3;13.3
12.09.2012;14.1;12.5;15.4;14.2;13.4;13.6;17;14.4;14.1;18.1;15.7;13.6;12.7;15.1;15;13.3;13.3
13.09.2012;14.1;12.5;15.5;14.2;13.4;13.6;17;14.4;14.1;18.1;15.7;13.7;12.7;15.1;15;13.3;13.3
14.09.2012;14.1;12.5;15.5;14.2;13.4;13.6;17;14.5;14.1;18.1;15.7;13.7;12.7;15.1;15;13.3;13.3
15.09.2012;14.2;12.5;15.5;14.2;13.4;13.7;17;14.5;14.1;18.1;15.7;13.7;12.7;15.1;15;13.4;13.3
16.09.2012;14.2;12.5;15.5;14.3;13.4;13.7;17;14.5;14.1;18.2;15.7;13.7;12.7;15.1;15;13.4;13.3
17.09.2012;14.2;12.5;15.5;14.3;13.4;13.7;17;14.5;14.2;18.2;15.7;13.8;12.7;15.1;15;13.4;13.3
18.09.2012;14.2;12.5;15.5;14.3;13.4;13.7;17;14.4;14.2;18.2;15.7;13.8;12.7;15.2;15;13.4;13.3
19.09.2012;14.2;12.5;15.5;14.3;13.4;13.7;17;14.5;14.2;18.2;15.7;13.8;12.7;15.2;15;13.4;13.4
20.09.2012;14.2;12.5;15.5;14.3;13.4;13.7;17;14.5;14.2;18.2;15.8;13.8;12.7;15.2;15.1;13.4;13.4
21.09.2012;14.2;12.5;15.5;14.3;13.4;13.7;17;14.5;14.2;18.2;15.8;13.9;12.7;15.2;15.1;13.4;13.4
22.09.2012;14.2;12.5;15.5;14.3;13.4;13.8;17;14.5;14.2;18.2;15.8;13.8;12.8;15.2;15.1;13.4;13.4
23.09.2012;14.2;12.5;15.6;14.3;13.4;13.8;17;14.5;14.2;18.3;15.8;13.9;12.7;15.2;15.1;13.4;13.4
24.09.2012;14.2;12.5;15.6;14.3;13.4;13.8;17;14.5;14.2;18.3;15.8;13.9;12.7;15.2;15.1;13.4;13.4
25.09.2012;14.2;12.5;15.6;14.3;13.4;13.8;17;14.5;14.2;18.4;15.8;13.9;12.7;15.2;15.1;13.4;13.4
26.09.2012;14.2;12.5;15.6;14.3;13.4;13.8;17;14.5;14.2;18.4;15.8;13.9;12.7;15.3;15.1;13.5;13.5
27.09.2012;14.3;12.5;15.6;14.3;13.4;13.8;17;14.5;14.2;18.4;15.8;13.9;12.7;15.3;15.1;13.5;13.5
28.09.2012;14.3;12.5;15.6;14.3;13.4;13.8;17;14.5;14.2;18.5;15.8;13.9;12.7;15.3;15.1;13.5;13.5
29.09.2012;14.3;12.5;15.6;14.3;13.4;13.8;17;14.5;14.3;18.5;15.8;14;12.7;15.3;15.1;13.5;13.5
30.09.2012;14.3;12.5;15.6;14.4;13.4;13.9;17;14.5;14.3;18.5;15.8;14;12.7;15.3;15.1;13.5;13.5
01.10.2012;14.3;12.5;15.6;14.4;13.4;13.9;17;14.50;14.3;18.5;15.8;14;12.7;15.3;15.1;13.5;13.5
02.10.2012;14.3;12.5;15.6;14.4;13.4;13.9;17;14.60;14.3;18.6;15.9;14;12.8;15.3;15.1;13.5;13.5
03.10.2012;14.3;12.5;15.6;14.4;13.4;13.9;17;14.60;14.3;18.6;15.9;14;12.7;15.3;15.1;13.5;13.6
04.10.2012;14.3;12.5;15.6;14.4;13.4;13.9;17;14.60;14.3;18.6;15.9;14;12.8;15.4;15.1;13.5;13.6
05.10.2012;14.4;12.5;15.7;14.4;13.4;13.9;17;14.60;14.3;18.7;15.9;14;12.8;15.4;15.1;13.5;12.6
06.10.2012;14.4;12.5;15.7;14.4;13.4;13.9;17.1;14.60;14.3;18.7;15.9;14.1;12.8;15.4;15.2;13.5;13.5
07.10.2012;14.4;12.6;15.7;14.4;13.4;13.9;17.1;14.60;14.3;18.8;15.9;14.1;12.8;15.4;15.2;13.6;13.5
08.10.2012;14.4;12.6;15.7;14.4;13.4;14;17.1;14.40;14.4;18.8;15.9;14;12.8;15.4;15.2;13.6;13.5
09.10.2012;14.4;12.6;15.7;14.4;13.4;14;17.1;14.40;14.3;18.8;15.9;14.1;12.8;15.4;15.2;13.6;13.5
10.10.2012;14.4;12.6;15.7;14.4;13.4;14;17.1;14.50;14.4;18.9;15.9;14.1;12.8;15.4;15.2;13.6;13.6
11.10.2012;14.4;12.6;15.7;14.4;13.5;14;17.1;14.50;14.4;18.9;15.9;14.1;12.8;15.5;15.2;13.6;13.6
12.10.2012;14.4;12.6;15.7;14.4;13.5;14;17.1;14.50;14.4;18.9;15.9;14.1;12.8;15.5;15.2;13.6;13.6
13.10.2012;14.4;12.6;15.7;14.4;13.5;14;17.1;14.50;14.4;18.9;16;14.1;12.8;15.5;15.2;13.6;13.6
14.10.2012;14.4;12.6;15.7;14.4;13.5;14;17.1;14.50;14.4;18.9;16;14.1;12.8;15.5;15.2;13.6;13.6
15.10.2012;14.4;12.6;15.7;14.4;13.5;14;17.1;14.50;14.4;18.9;16;14.1;12.8;15.5;15.2;13.6;13.6
16.10.2012;14.4;12.6;15.7;14.5;13.5;14.1;17.1;14.60;14.4;19;16;14.1;12.8;15.5;15.2;13.6;13.6
17.10.2012;14.4;12.6;15.7;14.5;13.5;14.1;17.1;14.60;14.4;19;16;14.1;12.8;15.5;15.2;13.7;13.6
18.10.2012;14.4;12.6;15.7;14.5;13.5;14.1;17.1;14.60;14.4;19;16;14.1;12.8;15.5;15.2;13.7;13.6
19.10.2012;14.4;12.6;15.7;14.5;13.5;14.1;17.1;14.60;14.3;19;16;14.1;12.8;15.5;15.2;13.7;13.7
20.10.2012;14.4;12.6;15.8;14.5;13.5;14.1;17.1;14.60;14.3;19.1;16;14.1;12.8;15.6;15.2;13.7;13.7
21.10.2012;14.5;12.6;15.7;14.5;13.5;14.1;17.1;14.60;14.3;19.1;16;14.1;12.8;15.6;15.2;13.7;13.7
22.10.2012;14.5;12.6;15.8;14.5;13.5;14.1;17.1;14.60;14.4;19.1;16;14.2;12.8;15.6;15.2;13.7;13.7
23.10.2012;14.5;12.6;15.8;14.5;13.5;14.1;17.1;14.60;14.4;19.1;16.1;14.1;12.8;15.6;15.3;13.7;13.7
24.10.2012;14.5;12.6;15.8;14.5;13.5;14.1;17.1;14.60;14.4;19.1;16.1;14.2;12.8;15.6;15.3;13.8;13.7
25.10.2012;14.5;12.6;15.8;14.5;13.5;14.1;17.1;14.60;14.4;19.1;16.1;14.2;12.8;15.6;15.3;13.8;13.7
26.10.2012;14.5;12.6;15.8;14.5;13.5;14.1;17.1;14.60;14.4;19.1;16.1;14.2;12.8;15.6;15.3;13.8;13.8
27.10.2012;14.5;12.6;15.8;14.6;13.5;14.1;17.1;14.60;14.4;19.1;16.1;14.2;12.8;15.6;15.3;13.8;13.8
28.10.2012;14.5;12.6;15.8;14.6;13.5;14.2;17.1;14.60;14.5;19.1;16.1;14.2;12.8;15.7;15.3;13.8;13.8
29.10.2012;14.5;12.6;15.8;14.6;13.5;14.2;17.1;14.60;14.5;19.1;16.1;14.2;12.8;15.7;15.3;13.8;13.8
30.10.2012;14.5;12.6;15.8;14.6;13.5;14.2;17.1;14.60;14.4;19.1;16.1;14.2;12.8;15.7;15.3;13.8;13.8
31.10.2012;14.5;12.6;15.8;14.6;13.5;14.2;17.1;14.60;14.4;19.1;16.1;14.2;12.8;15.7;15.3;13.8;13.8
01.11.2012;14.5;12.6;15.8;14.6;13.5;14.2;17.1;14.60;14.4;19.1;16.1;14.2;12.8;15.7;15.3;13.8;13.8
02.11.2012;14.5;12.6;15.8;14.6;13.5;14.2;17.1;14.60;14.4;19.1;16.2;14.2;12.8;15.8;15.3;13.8;13.8
03.11.2012;14.5;12.7;15.8;14.6;13.5;14.2;17.1;14.60;14.5;19.1;16.2;14.1;12.8;15.8;15.3;13.8;13.8
04.11.2012;14.5;12.6;15.7;14.6;13.5;14.2;17.1;14.60;14.6;19.1;16.2;14;12.8;15.8;15.3;13.9;13.8
05.11.2012;14.5;12.7;15.8;14.6;13.5;14.2;17.1;14.60;14.6;19.1;16.2;14.1;12.8;15.8;15.3;13.9;13.8
06.11.2012;14.5;12.7;15.7;14.6;13.5;14.2;17.1;14.60;14.5;19.1;16.2;14.1;12.8;15.8;15.3;13.9;13.8
07.11.2012;14.5;12.7;15.8;14.6;13.5;14.2;17.1;14.60;14.5;19.1;16.2;14.2;12.8;15.8;15.3;13.9;13.8
08.11.2012;14.5;12.7;15.8;14.6;13.5;14.2;17.1;14.70;14.5;19.1;16.2;14.2;12.8;15.8;15.4;13.9;13.8
09.11.2012;14.5;12.7;15.8;14.6;13.5;14.2;17.2;14.70;14.4;19.1;16.2;14.2;12.8;15.8;15.4;13.9;13.8
10.11.2012;14.5;12.7;15.8;14.6;13.5;14.2;17.2;14.70;14.4;19.1;16.2;14.2;12.8;15.8;15.4;13.9;13.8
11.11.2012;14.6;12.7;15.8;14.7;13.5;14.2;17.2;14.70;14.4;19.1;16.2;14.2;12.8;15.9;15.4;13.9;13.8
12.11.2012;14.6;12.7;15.8;14.7;13.5;14.3;17.2;14.70;14.4;19.1;16.2;14.2;12.8;15.9;15.4;13.9;13.8
13.11.2012;14.6;12.7;15.8;14.7;13.5;14.3;17.2;14.70;14.4;19.1;16.3;14.2;12.8;15.9;15.4;13.9;13.8
14.11.2012;14.6;12.7;15.8;14.7;13.5;14.3;17.2;14.70;14.4;19.1;16.3;14.2;12.8;15.9;15.4;13.9;13.8
15.11.2012;14.6;12.7;15.8;14.7;13.5;14.3;17.2;14.70;14.4;19.2;16.3;14.2;12.8;15.9;15.4;13.9;13.8
16.11.2012;14.6;12.7;15.8;14.7;13.5;14.3;17.2;14.70;14.4;19.2;16.3;14.1;12.8;15.9;15.4;13.9;13.8
17.11.2012;14.6;12.7;15.8;14.7;13.6;14.3;17.2;14.70;14.4;19.2;16.3;14.1;12.8;15.9;15.4;13.9;13.9
18.11.2012;14.6;12.7;15.8;14.7;13.6;14.3;17.2;14.70;14.4;19.2;16.3;14.1;12.8;15.9;15.4;14;13.9
19.11.2012;14.6;12.7;15.8;14.7;13.6;14.3;17.2;14.70;14.4;19.2;16.3;14.1;12.8;16;15.4;13.9;13.9
20.11.2012;14.6;12.7;15.8;14.7;13.6;14.3;17.2;14.70;14.4;19.2;16.3;14.1;12.8;16;15.4;14;13.9
21.11.2012;14.6;12.7;15.8;14.7;13.6;14.3;17.2;14.50;14.4;19.2;16.3;14.1;12.8;16;15.4;14;13.9
22.11.2012;14.6;12.7;15.8;14.7;13.6;14.3;17.2;14.50;14.5;19.2;16.3;14.1;12.8;16;15.4;14;13.9
23.11.2012;14.6;12.7;15.8;14.7;13.6;14.3;17.2;14.50;14.5;19.3;16.3;14.1;12.8;16;15.4;14;13.9
24.11.2012;14.6;12.7;15.7;14.7;13.6;14.3;17.2;14.50;14.5;19.3;16.4;14.1;12.8;16;15.4;14;13.9
25.11.2012;14.6;12.7;15.7;14.7;13.6;14.3;17.2;14.50;14.5;19.3;16.4;14;12.8;16;15.4;14;13.9
26.11.2012;14.6;12.7;15.7;14.7;13.6;14.3;17.2;14.50;14.5;19.3;16.4;14;12.8;16;15.4;14;13.9
27.11.2012;14.6;12.7;15.7;14.7;13.6;14.3;17.2;14.50;14.5;19.3;16.4;14;12.8;16;15.4;14;13.9
28.11.2012;14.6;12.7;15.7;14.7;13.6;14.3;17.2;14.50;14.5;19.3;16.4;14;12.8;16;15.4;14;13.9
29.11.2012;14.6;12.7;15.7;14.7;13.6;14.3;17.2;14.60;14.5;19.3;16.4;13.9;12.9;16;15.5;14;13.9
30.11.2012;14.6;12.7;15.7;14.8;13.6;14.3;17.2;14.50;14.6;19.3;16.4;13.9;12.9;16;15.5;14;13.8
01.12.2012;14.6;12.7;15.7;14.8;13.6;14.3;17.2;14.50;14.5;19.4;16.4;13.9;12.8;16;15.5;14;13.9
02.12.2012;14.6;12.7;15.7;14.8;13.6;14.3;17.2;14.50;14.5;19.4;16.4;13.9;12.8;16;15.5;14;13.9
03.12.2012;14.6;12.8;15.7;14.8;13.6;14.3;17.2;14.50;14.5;19.3;16.5;13.9;12.9;16.1;15.5;14;13.9
04.12.2012;14.6;12.8;15.7;14.8;13.6;14.3;17.2;14.60;14.5;19.3;16.5;13.9;12.9;16.1;15.5;14;13.9
05.12.2012;14.6;12.8;15.7;14.8;13.7;14.3;17.2;14.50;14.6;19.3;16.5;13.8;12.9;16.1;15.5;14;13.8
06.12.2012;14.6;12.7;15.7;14.8;13.7;14.3;17.2;14.50;14.5;19.3;16.5;13.8;12.9;16.1;15.5;14;13.8
07.12.2012;14.6;12.7;15.7;14.8;13.7;14.3;17.2;14.50;14.5;19.3;16.5;13.8;12.9;16.1;15.5;14;13.8
08.12.2012;14.6;12.8;15.6;14.8;13.7;14.3;17.2;14.50;14.5;19.3;16.5;13.8;12.9;16.1;15.5;14;13.8
09.12.2012;14.6;12.8;15.6;14.8;13.7;14.3;17.2;14.50;14.5;19.3;16.5;13.7;12.9;16.1;15.5;14;13.8
10.12.2012;14.6;12.8;15.6;14.8;13.7;14.2;17.2;14.50;14.5;19.3;16.5;13.7;12.9;16.1;15.5;14;13.8
11.12.2012;14.6;12.8;15.6;14.8;13.7;14.2;17.2;14.60;14.5;19.4;16.5;13.7;12.9;16.1;15.5;14;13.8
12.12.2012;14.6;12.8;15.6;14.8;13.7;14.2;17.2;14.60;14.6;19.4;16.5;13.7;12.9;16.1;15.5;14.1;13.8
13.12.2012;14.6;12.8;15.6;14.8;13.7;14.2;17.2;14.50;14.6;19.4;16.5;13.6;12.9;16.1;15.5;14.1;13.8
14.12.2012;14.6;12.8;15.6;14.8;13.7;14.2;17.2;14.60;14.5;19.4;16.5;13.6;12.9;16.1;15.5;14.1;13.8
15.12.2012;14.6;12.8;15.6;14.8;13.7;14.2;17.2;14.60;14.6;19.4;16.5;13.6;12.9;16.1;15.5;14.1;13.8
16.12.2012;14.6;12.8;15.6;14.8;13.7;14.2;17.2;14.60;14.6;19.4;16.5;13.6;12.9;16.1;15.6;14.1;13.8
17.12.2012;14.6;12.8;15.6;14.8;13.7;14.2;17.2;14.80;14.6;19.4;16.5;13.6;12.9;16.1;15.6;14.1;13.8
18.12.2012;14.6;12.8;15.5;14.8;13.7;14.2;17.2;14.80;14.6;19.4;16.5;13.5;12.9;16.1;15.6;14.1;13.8
19.12.2012;14.6;12.8;15.5;14.8;13.7;14.2;17.2;14.80;14.6;19.4;16.5;13.5;12.9;16.1;15.6;14.1;13.8
20.12.2012;14.6;12.8;15.5;14.8;13.7;14.2;17.2;14.80;14.6;19.4;16.5;13.5;12.9;16.1;15.6;14.1;13.8
21.12.2012;14.6;12.8;15.5;14.8;13.7;14.2;17.2;14.80;14.6;19.4;16.5;13.4;12.9;16.1;15.6;14.1;13.8
22.12.2012;14.6;12.8;15.5;14.8;13.7;14.2;17.2;14.80;14.5;19.4;16.5;13.4;12.9;16.1;15.6;14.1;13.8
23.12.2012;14.6;12.8;15.5;14.8;13.7;14.2;17.2;14.80;14.5;19.4;16.5;13.4;12.9;16.1;15.6;14.1;13.8
24.12.2012;14.6;12.8;15.5;14.8;13.7;14.1;17.2;14.80;14.5;19.4;16.5;13.3;12.9;16.1;15.6;14.1;13.8
25.12.2012;14.6;12.8;15.5;14.8;13.7;14.1;17.2;14.80;14.5;19.4;16.5;13.3;12.9;16.1;15.6;14.1;13.8
26.12.2012;14.6;12.8;15.5;14.8;13.7;14.1;17.2;14.80;14.5;19.4;16.5;13.2;12.9;16.1;15.6;14.1;13.8
27.12.2012;14.6;12.8;15.5;14.8;13.7;14.1;17.2;14.80;14.5;19.4;16.5;13.2;12.9;16.1;15.6;14.1;13.7
28.12.2012;14.6;12.8;15.4;14.8;13.7;14.1;17.2;14.80;14.5;19.4;16.5;13.2;12.9;16.1;15.6;14.1;13.7
29.12.2012;14.6;12.8;15.4;14.8;13.7;14;17.2;14.80;14.5;19.4;16.5;13.1;12.9;16.1;15.6;14.1;13.7
30.12.2012;14.6;12.8;15.4;14.8;13.7;14;17.2;14.80;14.5;19.4;16.5;13.1;12.9;16.1;15.6;14.1;13.7
31.12.2012;14.6;12.8;15.4;14.8;13.7;14;17.2;14.80;14.5;19.4;16.5;13.1;12.9;16.1;15.6;14.1;13.7
01.01.2013;14.6;12.8;15.4;14.8;13.7;14;17.2;14.80;14.5;19.4;16.5;13;12.9;16.1;15.6;14.1;13.7
02.01.2013;14.6;12.8;15.4;14.8;13.8;13.9;17.2;14.80;14.5;19.4;16.6;13;12.9;16.1;15.6;14.1;13.7
03.01.2013;14.6;12.8;15.4;14.8;13.8;13.9;17.2;14.80;14.5;19.4;16.6;12.9;12.9;16.1;15.6;14.1;13.7
04.01.2013;14.6;12.8;15.3;14.8;13.8;13.9;17.2;14.80;14.5;19.4;16.6;12.9;12.9;16.1;15.6;14.1;13.7
05.01.2013;14.6;12.8;15.3;14.8;13.8;13.9;17.2;14.8;14.5;19.4;16.6;12.8;12.9;16.1;15.6;14.1;13.7
06.01.2013;14.6;12.8;15.3;14.8;13.8;13.9;17.2;14.8;14.5;19.4;16.6;12.8;12.9;16.1;15.6;14.1;13.7
07.01.2013;14.6;12.8;15.3;14.8;13.8;13.8;17.2;14.8;14.5;19.4;16.6;12.8;12.9;16.1;15.6;14.1;13.7
08.01.2013;14.5;12.8;15.3;14.8;13.8;13.8;17.2;14.8;14.5;19.4;16.6;12.7;12.9;16.1;15.6;14.1;13.6
09.01.2013;14.5;12.8;15.2;14.8;13.8;13.8;17.2;14.8;14.5;19.4;16.6;12.7;12.9;16.1;15.6;14.1;13.6
10.01.2013;14.5;12.8;15.2;14.8;13.8;13.8;17.2;14.8;14.5;19.4;16.6;12.7;12.9;16.1;15.6;14.1;13.6
11.01.2013;14.5;12.8;15.2;14.8;13.8;13.8;17.2;14.8;14.5;19.4;16.6;12.7;12.9;16.1;15.6;14.1;13.6
12.01.2013;14.5;12.8;15.2;14.8;13.8;13.7;17.2;14.8;14.5;19.4;16.6;12.6;12.9;16.1;15.6;14;13.6
13.01.2013;14.5;12.8;15.2;14.8;13.8;13.7;17.2;14.8;14.5;19.4;16.6;12.6;12.9;16;15.6;14;13.6
14.01.2013;14.5;12.8;15.2;14.8;13.8;13.7;17.2;14.8;14.5;19.4;16.6;12.6;12.9;16;15.6;14;13.5
15.01.2013;14.5;12.8;15.1;14.8;13.8;13.7;17.2;14.8;14.6;19.4;16.6;12.6;12.9;16;15.6;14;13.5
16.01.2013;14.5;12.8;15.1;14.7;13.8;13.7;17.2;14.8;14.5;19.4;16.6;12.5;12.9;16;15.6;14;13.5
17.01.2013;14.5;12.8;15.1;14.7;13.8;13.7;17.2;14.8;14.6;19.4;16.6;12.5;12.9;16;15.6;14;13.5
18.01.2013;14.5;12.8;15.1;14.7;13.8;13.6;17.2;14.8;14.6;19.4;16.5;12.5;12.9;16;15.6;14;13.5
19.01.2013;14.5;12.8;15;14.7;13.8;13.6;17.2;14.8;14.6;19.4;16.5;12.5;12.9;16;15.6;14;13.4
20.01.2013;14.5;12.8;15;14.7;13.8;13.6;17.2;14.8;14.6;19.3;16.5;12.4;12.9;16;15.6;14;13.4
21.01.2013;14.5;12.8;15;14.7;13.8;13.6;17.2;14.8;14.6;19.3;16.5;12.4;12.9;16;15.6;14;13.4
22.01.2013;14.5;12.8;15;14.7;13.8;13.6;17.2;14.8;14.6;19.3;16.5;12.4;12.9;15.9;15.6;14;13.4
23.01.2013;14.5;12.8;15;14.7;13.8;13.5;17.2;14.8;14.6;19.3;16.5;12.3;12.9;15.9;15.6;14;13.4
24.01.2013;14.5;12.8;14.9;14.7;13.8;13.5;17.1;14.8;14.6;19.3;16.5;12.3;12.9;15.9;15.6;14;13.4
25.01.2013;14.5;12.8;14.9;14.7;13.8;13.5;17.1;14.8;14.6;19.3;16.5;12.3;12.9;15.9;15.6;14;13.3
26.01.2013;14.5;12.8;14.9;14.7;13.8;13.5;17.2;14.8;14.6;19.2;16.5;12.3;12.8;15.9;15.6;14;13.3
27.01.2013;14.5;12.8;14.9;14.7;13.8;13.5;17.1;14.8;14.6;19.2;16.5;12.3;12.8;15.9;15.6;14;13.3
28.01.2013;14.5;12.8;14.9;14.7;13.8;13.4;17.1;14.8;14.6;19.2;16.5;12.2;12.9;15.9;15.6;14;13.3
29.01.2013;14.5;12.8;14.9;14.7;13.8;13.4;17.1;14.8;14.6;19.1;16.5;12.2;12.9;15.9;15.6;14;13.3
30.01.2013;14.5;12.8;14.8;14.7;13.8;13.4;17.1;14.8;14.6;19.1;16.5;12.2;12.8;15.8;15.5;14;13.3
31.01.2013;14.5;12.8;14.8;14.7;13.8;13.4;17.1;14.8;14.6;19.1;16.5;12.2;12.8;15.8;15.5;14;13.3
01.02.2013;14.5;12.8;14.8;14.7;13.8;13.4;17.1;14.8;14.6;19.1;16.5;12.2;12.9;15.8;15.5;14;13.2
02.02.2013;14.5;12.8;14.8;14.7;13.8;13.3;17.1;14.8;14.6;19;16.5;12.3;12.9;15.8;15.5;14;13.3
03.02.2013;14.5;12.8;14.8;14.6;13.8;13.3;17.1;14.8;14.6;19;16.5;12.4;12.9;15.8;15.5;13.9;13.3
04.02.2013;14.5;12.8;14.8;14.6;13.8;13.3;17.1;14.8;14.6;19;16.5;12.2;12.9;15.8;15.5;13.9;13.3
05.02.2013;14.5;12.8;14.8;14.6;13.8;13.3;17.1;14.7;14.6;19;16.5;12.2;12.9;15.8;15.5;13.9;13.3
06.02.2013;14.5;12.8;14.8;14.6;13.8;13.2;17.1;14.7;14.6;18.9;16.5;12.1;12.9;15.8;15.5;13.9;13.2
07.02.2013;14.5;12.8;14.7;14.6;13.8;13.2;17.1;14.7;14.6;18.9;16.5;12;12.9;15.7;15.5;13.9;13.2
08.02.2013;14.4;12.8;14.7;14.6;13.8;13.2;17.1;14.7;14.6;18.9;16.5;11.9;12.9;15.7;15.5;13.9;13.1
09.02.2013;14.4;12.8;14.7;14.6;13.8;13.2;17.1;14.7;14.6;18.9;16.4;11.9;12.8;15.7;15.5;13.9;13.1
10.02.2013;14.4;12.8;14.7;14.6;13.8;13.1;17.1;14.7;14.6;18.8;16.4;11.8;12.8;15.7;15.5;13.9;13.1
11.02.2013;14.4;12.8;14.7;14.6;13.8;13.1;17.1;14.7;14.6;18.8;16.4;11.8;12.8;15.7;15.4;13.9;13.1
12.02.2013;14.4;12.8;14.6;14.6;13.8;13.1;17.1;14.7;14.6;18.8;16.4;11.8;12.8;15.6;15.4;13.9;13
13.02.2013;14.4;12.8;14.6;14.6;13.8;13.1;17.1;14.7;14.6;18.7;16.4;11.7;12.8;15.6;15.4;13.9;13
14.02.2013;14.4;12.8;14.6;14.6;13.8;13.1;17.1;14.7;14.6;18.7;16.4;11.7;12.8;15.6;15.4;13.9;13
15.02.2013;14.4;12.8;14.6;14.6;13.8;13;17.1;14.7;14.6;18.7;16.4;11.7;12.8;15.6;15.4;13.8;13
16.02.2013;14.4;12.8;14.6;14.6;13.8;13;17.1;14.7;14.6;18.7;16.4;11.6;12.8;15.6;15.4;13.8;13
17.02.2013;14.4;12.8;14.6;14.6;13.8;13;17.1;14.7;14.6;18.6;16.4;11.6;12.8;15.6;15.4;13.8;12.9
18.02.2013;14.4;12.8;14.5;14.6;13.8;13;17.1;14.7;14.6;18.6;16.3;11.6;12.8;15.6;15.4;13.8;12.9
19.02.2013;14.4;12.7;14.5;14.5;13.8;12.9;17.1;14.7;14.6;18.6;16.3;11.6;12.8;15.6;15.4;13.8;12.9
20.02.2013;14.4;12.8;14.5;14.5;13.8;12.9;17.1;14.7;14.6;18.6;16.3;11.5;12.8;15.5;15.4;13.8;12.9
21.02.2013;14.4;12.8;14.5;14.5;13.8;12.9;17.1;14.7;14.6;18.5;16.3;11.5;12.8;15.5;15.4;13.8;12.9
22.02.2013;14.4;12.7;14.5;14.5;13.8;12.9;17.1;14.7;14.6;18.5;16.3;11.5;12.9;15.5;15.4;13.8;12.8
23.02.2013;14.4;12.7;14.4;14.5;13.8;12.9;17.1;14.7;14.6;18.5;16.3;11.4;12.9;15.5;15.4;13.8;12.8
24.02.2013;14.4;12.7;14.4;14.5;13.8;12.8;17.1;14.7;14.6;18.5;16.3;11.4;12.9;15.5;15.3;13.8;12.8
25.02.2013;14.4;12.7;14.4;14.5;13.8;12.8;17.1;14.7;14.6;18.4;16.3;11.4;12.9;15.5;15.3;13.7;12.8
26.02.2013;14.4;12.7;14.4;14.5;13.8;12.8;17.1;14.7;14.6;18.4;16.3;11.4;12.9;15.5;15.3;13.7;12.7
27.02.2013;14.4;12.7;14.4;14.5;13.8;12.8;17.1;14.7;14.6;18.4;16.3;11.4;12.9;15.5;15.3;13.7;12.7
28.02.2013;14.4;12.7;14.4;14.5;13.8;12.8;17.1;14.7;14.6;18.3;16.3;11.3;12.9;15.4;15.3;13.7;12.7
01.03.2013;14.4;12.7;14.4;14.5;13.8;12.7;17.1;14.7;14.6;18.3;16.3;11.3;12.9;15.4;15.3;13.7;12.7
02.03.2013;14.4;12.7;14.3;14.5;13.8;12.7;17.1;14.7;14.5;18.3;16.2;11.3;12.9;15.4;15.3;13.7;12.7
03.03.2013;14.4;12.7;14.3;14.4;13.8;12.7;17;14.7;14.6;18.2;16.2;11.3;12.9;15.4;15.3;13.6;12.7
04.03.2013;14.3;12.7;14.3;14.4;13.8;12.7;17;14.7;14.6;18.2;16.2;11.3;12.9;15.4;15.3;13.6;12.6
05.03.2013;14.3;12.7;14.3;14.4;13.8;12.7;17;14.7;14.5;18.1;16.2;11.2;12.9;15.4;15.3;13.6;12.6
06.03.2013;14.3;12.7;14.3;14.4;13.8;12.6;17;14.7;14.5;18.1;16.2;11.2;12.8;15.4;15.3;13.6;12.6
07.03.2013;14.3;12.7;14.2;14.4;13.8;12.6;17;14.6;14.5;18.1;16.2;11.2;12.8;15.3;15.3;13.6;12.6
08.03.2013;14.3;12.7;14.2;14.4;13.8;12.6;17;14.6;14.5;18;16.2;11.2;12.8;15.3;15.3;13.6;12.6
09.03.2013;14.3;12.7;14.2;14.4;13.8;12.6;17;14.6;14.5;18;16.2;11.2;12.8;15.3;15.2;13.6;12.6
10.03.2013;14.3;12.7;14.2;14.4;13.8;12.6;17;14.6;14.5;18;16.2;11.2;12.8;15.3;15.2;13.6;12.6
11.03.2013;14.3;12.7;14.2;14.4;13.8;12.6;17;14.6;14.5;17.9;16.2;11.1;12.8;15.3;15.2;13.5;12.5
12.03.2013;14.3;12.7;14.2;14.4;13.8;12.5;17;14.6;14.5;17.8;16.2;11.1;12.8;15.3;15.2;13.5;12.5
13.03.2013;14.3;12.7;14.2;14.4;13.8;12.5;17;14.6;14.5;17.8;16.2;11.1;12.8;15.2;15.2;13.5;12.5
14.03.2013;14.3;12.7;14.1;14.4;13.8;12.5;17;14.6;14.5;17.8;16.2;11.1;12.8;15.2;15.2;13.5;12.5
15.03.2013;14.2;12.7;14.1;14.4;13.8;12.5;17;14.6;14.5;17.7;16.1;11.1;12.8;15.2;15.2;13.5;12.5
16.03.2013;14.3;12.7;14.1;14.3;13.8;12.5;17;14.6;14.5;17.7;16.1;11;12.8;15.2;15.2;13.5;12.5
17.03.2013;14.2;12.7;14.1;14.3;13.8;12.4;17;14.6;14.5;17.6;16.1;11;12.8;15.2;15.2;13.5;12.4
18.03.2013;14.2;12.7;14.1;14.3;13.8;12.4;17;14.6;14.5;17.6;16.1;11;12.8;15.2;15.2;13.4;12.4
19.03.2013;14.2;12.7;14.1;14.3;13.8;12.4;17;14.6;14.5;17.5;16.1;11;12.8;15.2;15.2;13.4;12.4
20.03.2013;14.2;12.7;14.1;14.3;13.8;12.4;17;14.6;14.5;17.5;16.1;11;12.8;15.2;15.1;13.4;12.4
21.03.2013;14.2;12.7;14;14.3;13.8;12.4;17;14.6;14.5;17.5;16.1;11;12.8;15.1;15.1;13.4;12.4
22.03.2013;14.2;12.7;14;14.3;13.8;12.3;17;14.6;14.5;17.4;16.1;10.9;12.8;15.1;15.1;13.4;12.3
23.03.2013;14.2;12.7;14;14.3;13.8;12.3;17;14.6;14.5;17.4;16.1;10.9;12.8;15.1;15.1;13.4;12.3
24.03.2013;14.2;12.7;14;14.3;13.8;12.3;17;14.6;14.5;17.4;16.1;10.9;12.8;15.1;15.1;13.4;12.3
25.03.2013;14.2;12.7;14;14.3;13.8;12.3;17;14.6;14.5;17.3;16.1;10.9;12.8;15.1;15.1;13.4;12.3
26.03.2013;14.2;12.7;14;14.3;13.8;12.3;17;14.6;14.5;17.3;16;10.9;12.8;15.1;15.1;13.4;12.3
27.03.2013;14.2;12.7;13.9;14.3;13.8;12.3;17;14.6;14.5;17.2;16;10.8;12.8;15;15.1;13.3;12.3
28.03.2013;14.2;12.6;13.9;14.3;13.8;12.2;17;14.5;14.4;17.1;16;10.8;12.8;15;15.1;13.3;12.3
29.03.2013;14.2;12.6;13.9;14.2;13.8;12.2;17;14.5;14.4;17.1;16;10.8;12.8;15;15.1;13.3;12.2
30.03.2013;14.2;12.6;13.9;14.2;13.8;12.2;17;14.5;14.4;17.1;16;10.8;12.8;15;15.1;13.3;12.2
31.03.2013;14.2;12.6;13.9;14.2;13.8;12.2;17;14.5;14.4;17;16;10.8;12.8;15;15.1;13.3;12.2
01.04.2013;14.2;12.6;13.9;14.2;13.8;12.2;17;14.5;14.4;17;16;10.7;12.8;15;15;13.3;12.2
02.04.2013;14.2;12.6;13.9;14.2;13.8;12.2;17;14.5;14.4;16.9;16;10.7;12.8;15;15;13.3;12.2
03.04.2013;14.2;12.6;13.9;14.2;13.8;12.1;17;14.5;14.4;16.9;16;10.7;12.8;14.9;15;13.3;12.2
04.04.2013;14.2;12.6;13.9;14.2;13.8;12.1;17;14.5;14.4;16.9;16;10.7;12.8;14.9;15;13.2;12.2
05.04.2013;14.1;12.6;13.9;14.2;13.8;12.1;17;14.5;14.4;16.8;16;10.7;12.8;14.9;15;13.2;12.2
06.04.2013;14.1;12.6;13.9;14.1;13.8;12.1;17;14.5;14.4;16.8;15.9;10.7;12.8;14.9;15;13.2;12.1
07.04.2013;14.1;12.6;13.8;14.1;13.8;12.1;17;14.5;14.4;16.7;15.9;10.7;12.8;14.9;15;13.2;12.1
08.04.2013;14.1;12.6;13.8;14.1;13.8;12.1;16.9;14.5;14.4;16.7;15.9;10.7;12.8;14.9;15;13.2;12.1
09.04.2013;14.1;12.6;13.8;14.1;13.8;12.1;16.9;14.5;14.4;16.7;15.9;10.7;12.8;14.9;15;13.2;12.1
10.04.2013;14.1;12.6;13.8;14.1;13.8;12;16.9;14.5;14.4;16.6;15.9;10.7;12.8;14.8;15;13.2;12.1
11.04.2013;14.1;12.6;13.8;14.1;13.8;12;16.9;14.5;14.4;16.6;15.9;10.6;12.8;14.8;15;13.2;12.1
12.04.2013;14.1;12.6;13.8;14.1;13.8;12;16.9;14.5;14.4;16.5;15.9;10.8;12.8;14.8;14.9;13.1;12.1
13.04.2013;14.1;12.6;13.8;14.1;13.8;12;16.9;14.4;14.3;16.5;15.9;10.7;12.8;14.8;14.9;13.1;12.1
14.04.2013;14.1;12.6;13.8;14.1;13.8;12;16.9;14.5;14.3;16.4;15.9;10.6;12.8;14.8;14.9;13.1;12.1
15.04.2013;14.1;12.6;13.8;14.1;13.8;12;16.9;14.5;14.3;16.4;15.9;10.5;12.8;14.8;14.9;13.1;12.1
16.04.2013;14.1;12.6;13.8;14.1;13.8;11.9;16.9;14.5;14.3;16.3;15.9;10.5;12.8;14.8;14.9;13.1;12
17.04.2013;14.1;12.6;13.8;14.1;13.8;11.9;16.9;14.4;14.3;16.3;15.8;10.5;12.8;14.7;14.9;13.1;12
18.04.2013;14.1;12.5;13.8;14.1;13.8;11.9;16.9;14.4;14.3;16.2;15.8;10.5;12.8;14.7;14.9;13;12
19.04.2013;14.1;12.5;13.7;14.1;13.8;11.9;16.9;14.4;14.3;16.2;15.8;10.5;12.8;14.7;14.9;13;12
20.04.2013;14.1;12.5;13.7;14.1;13.8;11.9;16.9;14.4;14.3;16.2;15.8;10.5;12.8;14.7;14.9;13;12
21.04.2013;14.1;12.5;13.7;14.1;13.8;11.9;16.9;14.4;14.3;16.1;15.8;10.5;12.8;14.7;14.9;13;12
22.04.2013;14;12.5;13.7;14;13.8;11.9;16.9;14.4;14.3;16.1;15.8;10.5;12.8;14.6;14.9;13;12
23.04.2013;14;12.5;13.7;14;13.8;11.9;16.9;14.4;14.3;16;15.8;10.5;12.8;14.6;14.9;13;12
24.04.2013;14;12.5;13.7;14;13.8;11.9;16.9;14.4;14.3;16;15.8;10.4;12.8;14.6;14.9;13;12
25.04.2013;14;12.5;13.7;14;13.8;11.9;16.9;14.4;14.3;15.9;15.8;10.4;12.8;14.6;14.8;13;11.9
26.04.2013;14;12.5;13.7;14;13.7;11.8;16.9;14.4;14.3;15.9;15.8;10.4;12.8;14.6;14.8;13;11.9
27.04.2013;14;12.5;13.7;14;13.8;11.8;16.9;14.4;14.3;15.9;15.7;10.5;12.8;14.6;14.8;13;11.9
28.04.2013;14;12.5;13.7;14;13.7;11.8;16.9;14.4;14.3;15.9;15.7;10.5;12.8;14.6;14.8;12.9;11.9
29.04.2013;14;12.5;13.7;14;13.7;11.8;16.9;14.4;14.3;15.9;15.7;10.4;12.8;14.6;14.8;12.9;11.9
30.04.2013;14;12.5;13.7;14;13.7;11.8;16.9;14.4;14.2;15.8;15.7;10.4;12.8;14.5;14.8;12.9;11.9
01.05.2013;14;12.5;13.6;14;13.7;11.8;16.9;14.4;14.2;15.8;15.7;10.4;12.8;14.5;14.8;12.9;11.9
02.05.2013;14;12.5;13.6;14;13.7;11.8;16.9;14.4;14.2;15.8;15.7;10.4;12.8;14.5;14.8;12.9;11.9
03.05.2013;14;12.5;13.6;14;13.7;11.8;16.9;14.4;14.2;15.8;15.7;10.4;12.8;14.5;14.8;12.9;11.9
04.05.2013;14;12.5;13.7;14;13.7;11.8;16.9;14.3;14.2;15.7;15.7;10.5;12.8;14.5;14.8;12.9;11.9
05.05.2013;14;12.5;13.6;13.9;13.7;11.8;16.9;14.3;14.2;15.7;15.7;10.4;12.8;14.5;14.8;12.9;11.9
06.05.2013;14;12.5;13.6;13.9;13.7;11.8;16.9;14.4;14.2;15.7;15.7;10.4;12.7;14.5;14.8;12.9;11.9
07.05.2013;14;12.5;13.6;13.9;13.7;11.8;16.9;14.3;14.2;15.7;15.7;10.4;12.8;14.5;14.8;12.9;11.9
08.05.2013;14;12.5;13.6;13.9;13.7;11.8;16.9;14.3;14.2;15.7;15.7;10.4;12.7;14.5;14.7;12.9;11.9
09.05.2013;13.9;12.5;13.6;13.9;13.7;11.8;16.9;14.3;14.2;15.6;15.7;10.4;12.7;14.4;14.7;12.9;11.8
10.05.2013;13.9;12.4;13.6;13.9;13.7;11.8;16.9;14.3;14.2;15.6;15.6;10.4;12.7;14.4;14.7;12.8;11.8
11.05.2013;13.9;12.5;13.6;13.9;13.7;11.8;16.8;14.3;14.2;15.6;15.6;10.4;12.8;14.4;14.7;12.8;11.8
12.05.2013;13.9;12.4;13.6;13.9;13.7;11.8;16.8;14.3;14.2;15.6;15.6;10.5;12.7;14.4;14.7;12.8;11.8
13.05.2013;13.9;12.5;13.6;13.9;13.7;11.8;16.8;14.4;14.2;15.6;15.6;10.5;12.7;14.4;14.7;12.8;11.8
14.05.2013;13.9;12.4;13.6;13.9;13.7;11.8;16.8;14.3;14.1;15.6;15.6;10.5;12.7;14.4;14.7;12.8;11.8
15.05.2013;13.9;12.4;13.6;13.9;13.7;11.8;16.8;14.3;14.1;15.5;15.6;10.5;12.7;14.4;14.7;12.8;11.8
16.05.2013;13.9;12.4;13.6;13.9;13.7;11.8;16.8;14.3;14.1;15.5;15.6;10.5;12.7;14.4;14.7;12.8;11.8
17.05.2013;13.9;12.4;13.6;13.9;13.7;11.8;16.8;14.3;14.1;15.5;15.6;10.5;12.7;14.4;14.7;12.8;11.8
18.05.2013;13.9;12.4;13.6;13.9;13.7;11.8;16.8;14.3;14.1;15.5;15.6;10.5;12.7;14.4;14.6;12.8;11.8
19.05.2013;13.9;12.4;13.6;13.9;13.7;11.8;16.8;14.3;14.1;15.5;15.6;10.5;12.7;14.4;14.7;12.8;11.8
20.05.2013;13.9;12.4;13.6;13.9;13.7;11.8;16.8;14.3;14.1;15.4;15.6;10.6;12.7;14.3;14.6;12.8;11.8
21.05.2013;13.9;12.4;13.6;13.9;13.6;11.8;16.8;14.3;14.1;15.4;15.6;10.6;12.7;14.3;14.6;12.8;11.8
22.05.2013;13.9;12.4;13.6;13.9;13.6;11.8;16.8;14.3;14.1;15.4;15.5;10.6;12.7;14.3;14.6;12.8;11.8
23.05.2013;13.9;12.4;13.6;13.9;13.7;11.8;16.8;14.3;14.1;15.4;15.6;10.6;12.7;14.3;14.6;12.8;11.8
24.05.2013;13.9;12.4;13.6;13.9;13.6;11.8;16.8;14.2;14.1;15.4;15.5;10.7;12.7;14.3;14.6;12.8;11.8
25.05.2013;13.9;12.4;13.6;13.9;13.6;11.8;16.8;14.3;14.1;15.3;15.5;10.7;12.7;14.3;14.6;12.8;11.8
26.05.2013;13.9;12.4;13.6;13.9;13.6;11.8;16.8;14.2;14.1;15.3;15.5;10.7;12.7;14.3;14.6;12.8;11.8
27.05.2013;13.9;12.4;13.7;13.9;13.6;11.8;16.8;14.2;14;15.3;15.5;10.8;12.7;14.3;14.6;12.8;11.8
28.05.2013;13.9;12.4;13.7;13.8;13.6;11.8;16.8;14.3;14;15.3;15.5;10.7;12.7;14.3;14.6;12.8;11.8
29.05.2013;13.9;12.4;13.7;13.8;13.6;11.8;16.8;14.2;14;15.2;15.5;10.7;12.7;14.3;14.6;12.7;11.8
30.05.2013;13.9;12.4;13.7;13.8;13.6;11.9;16.8;14.3;14;15.2;15.5;10.7;12.7;14.3;14.6;12.7;11.8
31.05.2013;13.9;12.4;13.7;13.8;13.6;11.9;16.8;14.3;14;15.2;15.5;10.8;12.7;14.3;14.6;12.7;11.8
01.06.2013;13.9;12.4;13.7;13.8;13.6;11.8;16.8;14.2;13.9;15.1;15.5;11;12.7;14.3;14.6;12.7;12
02.06.2013;13.9;12.4;13.9;13.8;13.6;11.8;16.8;14.2;13.9;15.1;15.5;11.1;12.7;14.3;14.6;12.7;12
03.06.2013;13.9;12.4;13.8;13.8;13.6;11.8;16.8;14.2;14;15;15.5;10.9;12.7;14.2;14.6;12.7;12
04.06.2013;13.9;12.4;13.7;13.8;13.6;11.9;16.8;14.2;14;15;15.5;10.9;12.7;14.2;14.6;12.7;12
05.06.2013;13.8;12.4;13.7;13.8;13.6;11.9;16.8;14.2;14;15;15.5;10.9;12.7;14.2;14.6;12.7;12
06.06.2013;13.8;12.4;13.8;13.8;13.6;11.9;16.8;14.2;14;15;15.5;11;12.7;14.2;14.6;12.7;11.9
07.06.2013;13.8;12.4;13.8;13.8;13.5;11.9;16.8;14.2;14;14.9;15.5;11;12.8;14.2;14.6;12.7;11.9
08.06.2013;13.8;12.4;13.8;13.8;13.5;11.9;16.8;14.2;13.9;14.9;15.4;11.1;12.8;14.2;14.7;12.7;11.9
09.06.2013;13.8;12.4;13.8;13.8;13.5;11.9;16.8;14.2;13.9;14.9;15.4;11.1;12.8;14.2;14.7;12.7;11.9
10.06.2013;13.8;12.4;13.7;13.8;13.5;12;16.8;14.2;13.9;14.9;15.4;11.1;12.8;14.2;14.6;12.7;11.9
11.06.2013;13.8;12.4;13.7;13.8;13.5;12;16.8;14.2;13.9;14.8;15.4;11.1;12.8;14.2;14.6;12.7;11.9
12.06.2013;13.8;12.4;13.7;13.8;13.5;12;16.8;14.2;13.9;14.8;15.4;11.2;12.8;14.2;14.6;12.7;11.9
13.06.2013;13.8;12.4;13.8;13.8;13.5;12;16.8;14.2;13.9;14.8;15.4;11.2;12.8;14.2;14.6;12.7;11.9
14.06.2013;13.8;12.4;13.8;13.8;13.5;12;16.8;14.2;13.9;14.8;15.3;11.2;12.8;14.2;14.6;12.7;11.9
15.06.2013;13.8;12.4;13.8;13.8;13.5;12;16.8;14.2;13.9;14.8;15.3;11.2;12.8;14.2;14.7;12.7;11.9
16.06.2013;13.8;12.4;13.8;13.8;13.5;12;16.8;14.2;13.8;14.8;15.3;11.3;12.8;14.2;14.7;12.7;11.9
17.06.2013;13.8;12.4;13.8;13.8;13.5;12;16.8;14.2;13.8;14.7;15.3;11.3;12.8;14.2;14.7;12.7;11.9
18.06.2013;13.8;12.4;13.8;13.8;13.5;12;16.8;14.2;13.8;14.8;15.3;11.3;12.8;14.2;14.7;12.7;11.9
19.06.2013;13.8;12.4;13.8;13.8;13.5;12;16.8;14.2;13.8;14.7;15.2;11.3;12.8;14.2;14.7;12.7;11.9
20.06.2013;13.8;12.4;13.8;13.8;13.5;12;16.8;14.2;13.8;14.7;15.2;11.4;12.8;14.2;14.6;12.7;12
21.06.2013;13.8;12.4;13.8;13.8;13.5;12.1;16.8;14.2;13.8;14.7;15.2;11.4;12.8;14.2;14.6;12.7;12
22.06.2013;13.8;12.4;13.8;13.8;13.5;12.1;16.8;14.2;13.8;14.7;15.2;11.4;12.8;14.2;14.6;12.7;12
23.06.2013;13.8;12.4;13.8;13.8;13.5;12.1;16.8;14.2;13.8;14.7;15.2;11.4;12.8;14.2;14.6;12.7;12
24.06.2013;13.8;12.3;13.8;13.8;13.5;12.1;16.8;14.1;13.8;14.7;15.2;11.4;12.8;14.2;14.6;12.7;12
25.06.2013;13.8;12.3;13.8;13.8;13.4;12.1;16.8;14.1;13.8;14.7;15.2;11.5;12.8;14.2;14.6;12.7;12
26.06.2013;13.8;12.4;13.8;13.8;13.5;12.1;16.8;14.1;13.8;14.7;15.2;11.5;12.8;14.2;14.5;12.7;12
27.06.2013;13.8;12.3;13.8;13.8;13.5;12.1;16.8;14.1;13.8;14.6;15.1;11.5;12.8;14.2;14.5;12.7;12
28.06.2013;13.8;12.3;13.9;13.8;13.4;12.1;16.8;14.2;13.9;14.6;15.1;11.6;12.7;14.2;14.5;12.7;12
29.06.2013;13.8;12.3;13.9;13.8;13.4;12.1;16.8;14.2;13.9;14.6;15.1;11.6;12.7;14.2;14.5;12.7;12
30.06.2013;13.8;12.3;13.9;13.8;13.4;12.2;16.8;14.1;13.9;14.6;15.1;11.6;12.7;14.2;14.5;12.7;12.1
01.07.2013;13.8;12.3;13.9;13.8;13.4;12.2;16.8;;13.9;14.6;15.1;11.6;12.7;14.2;14.5;12.7;12.1
