Time [s],Heating [W],Observed T [K]
0,NaN,0.0038159
4,0.0058,0.0038159
8,3.4455,0.0038159
12,3.4569,0.004442
16,3.4617,0.0050878
20,3.4645,0.0050878
24,3.4662,0.0050878
28,3.4673,0.0050878
32,3.4678,0.0050878
36,3.4682,0.0050878
40,3.4685,0.0050878
44,3.4686,0.0050878
48,3.4687,0.0050878
52,3.4688,0.0050878
56,3.469,0.0050878
60,3.469,0.0050878
64,3.469,0.0050878
68,3.4691,0.0050878
72,3.4691,0.0050878
76,3.4691,0.0050878
80,3.469,0.0050878
84,3.4691,0.004442
88,3.469,0.0050878
92,3.4689,0.0050878
96,3.4689,0.0050878
100,3.469,0.0050878
104,3.4689,0.0050878
108,3.4688,0.0050878
112,3.4688,0.0050878
116,3.4687,0.004442
120,3.4689,0.0050878
124,3.469,0.0050878
128,3.4689,0.0050878
132,3.4689,0.0050878
136,3.4689,0.004442
140,3.4687,0.004442
144,3.4687,0.0050878
148,3.4688,0.004442
152,3.4687,0.004442
156,3.4686,0.0050878
160,3.4689,0.004442
164,3.4688,0.0050878
168,3.4687,0.004442
172,3.4687,0.004442
176,3.4686,0.004442
180,3.4686,0.0050878
184,3.4685,0.0050878
188,3.4685,0.0050878
192,3.4685,0.004442
196,3.4685,0.0050878
200,3.4685,0.0050878
204,3.4685,0.004442
208,3.4684,0.004442
212,3.4685,0.004442
216,3.4687,0.004442
220,3.4686,0.004442
224,3.4685,0.004442
228,3.4685,0.0038159
232,3.4685,0.004442
236,3.4685,0.004442
240,3.4685,0.004442
244,3.4686,0.0041289
248,3.4684,0.004442
252,3.4686,0.004442
256,3.4685,0.004442
260,3.4685,0.004442
264,3.4685,0.0038159
268,3.4686,0.004442
272,3.4686,0.0038159
276,3.4687,0.0038159
280,3.4687,0.0041289
284,3.4686,0.0038159
288,3.4687,0.004442
292,3.4687,0.0038159
296,3.4686,0.0038159
300,3.4687,0.004442
304,3.4688,0.0038159
308,3.4689,0.0038159
312,3.4689,0.004442
316,3.469,0.0038159
320,3.4688,0.0038159
324,3.4689,0.0038159
328,3.4689,0.0038159
332,3.4688,0.0038159
336,3.4688,0.0038159
340,3.4687,0.0038159
344,3.4688,0.0038159
348,3.4687,0.0031701
352,3.4688,0.0038159
356,3.4689,0.0038159
360,3.4687,0.0038159
364,3.4687,0.0038159
368,3.4688,0.0031701
372,3.4688,0.0031701
376,3.4689,0.0038159
380,3.4689,0.0031701
384,3.4689,0.0031701
388,3.469,0.0031701
392,3.4689,0.0031701
396,3.469,0.0031701
400,3.4691,0.0031701
404,3.4691,0.0031701
408,3.469,0.0031701
412,3.469,0.0031701
416,3.4691,0.0031701
420,3.4691,0.0031701
424,3.469,0.0031701
428,3.4689,0.0031701
432,3.469,0.0025439
436,3.469,0.0031701
440,3.469,0.0031701
444,3.4689,0.0031701
448,3.469,0.0031701
452,3.469,0.0031701
456,3.4689,0.0031701
460,3.4689,0.0031701
464,3.4689,0.0031701
468,3.469,0.0031701
472,3.4689,0.0031701
476,3.4688,0.002857
480,3.4687,0.0025439
484,3.4688,0.0031701
488,3.469,0.0031701
492,3.4689,0.0031701
496,3.4689,0.0031701
500,3.4688,0.0025439
504,3.4688,0.0025439
508,3.469,0.0025439
512,3.469,0.0025439
516,3.4689,0.0031701
520,3.4689,0.0031701
524,3.469,0.0031701
528,3.4688,0.0031701
532,3.4687,0.0031701
536,3.4687,0.0031701
540,3.4688,0.0025439
544,3.4689,0.0025439
548,3.4689,0.0025439
552,3.4688,0.0025439
556,3.4687,0.0025439
560,3.4686,0.0025439
564,3.4686,0.0025439
568,3.4685,0.0025439
572,3.4686,0.0031701
576,3.4687,0.0018981
580,3.4688,0.0025439
584,3.4688,0.0025439
588,3.4687,0.0025439
592,3.4687,0.0025439
596,3.4687,0.0018981
600,3.4687,0.0018981
604,3.4687,0.0018981
608,3.4688,0.0018981
612,3.4687,0.0018981
616,3.4686,0.0018981
620,3.4686,0.0025439
624,3.4686,0.0018981
628,3.4687,0.0018981
632,3.4687,0.0018981
636,3.4688,0.0025439
640,3.4688,0.001585
644,3.4687,0.0018981
648,3.4686,0.0018981
652,3.4687,0.0012719
656,3.4688,0.0018981
660,3.4687,0.0018981
664,3.4687,0.0018981
668,3.4688,0.0018981
672,3.4688,0.0018981
676,3.4689,0.0018981
680,3.4687,0.0018981
684,3.4685,0.0018981
688,3.4686,0.0018981
692,3.4685,0.0018981
696,3.4685,0.0018981
700,3.4686,0.0018981
704,3.4686,0.0022308
708,3.4686,0.0012719
712,3.4686,0.0012719
716,3.4687,0.0018981
720,3.4686,0.0012719
724,3.4687,0.0012719
728,3.4687,0.0018981
732,3.4686,0.00064576
736,3.4685,0.0012719
740,3.4685,0.0018981
744,3.4686,0.0018981
748,3.4686,0.0012719
752,3.4686,0.0018981
756,3.4685,0.0012719
760,3.4684,0.0012719
764,3.4683,0.0012719
768,3.4683,0.0012719
772,3.4685,0.0018981
776,3.4686,0.0012719
780,3.4686,0.0012719
784,3.4687,0.0012719
788,3.4685,0.0012719
792,3.4685,0.0018981
796,3.4687,0.0012719
800,3.4686,0.0012719
804,3.4686,0.0012719
808,3.4687,0.0012719
812,3.4687,0.0012719
816,3.4686,0.0012719
820,3.4686,0.00064576
824,3.4687,0.0012719
828,3.4686,0.00064576
832,3.4685,0.00064576
836,3.4686,0.00064576
840,3.4688,0.0012719
844,3.4689,0.0012719
848,3.4687,0.00064576
852,3.4687,0.00064576
856,3.4689,0.0012719
860,3.469,0.00064576
864,3.4689,0.00064576
868,3.4688,0.00064576
872,3.4689,0.00064576
876,3.4689,0.00064576
880,3.469,0.00064576
884,3.4689,0.00064576
888,3.4689,0.00064576
892,3.4689,0.00064576
896,3.4689,-0.00062619
900,3.4688,0.00064576
904,3.4688,0.00064576
908,3.4688,0.00064576
912,3.4688,0.00064576
916,3.4689,0.00064576
920,3.4688,0.00064576
924,3.4688,0
928,3.4689,0
932,3.4689,0.00064576
936,3.4688,0.00064576
940,3.4688,0.0012719
944,3.4688,0.00064576
948,3.4687,0.00064576
952,3.4688,0.00064576
956,3.4688,0
960,3.4687,0.00064576
964,3.4688,0
968,3.4688,0.00064576
972,3.4687,0.00064576
976,3.4686,0.00064576
980,3.4687,0
984,3.4689,0.00064576
988,3.4687,0
992,3.4686,0
996,3.4685,0
1000,3.4685,0
1004,3.4688,0.00064576
1008,3.4687,0
1012,3.4687,-0.00062619
1016,3.4688,0
1020,3.4687,0
1024,3.4687,0
1028,3.4686,0
1032,3.4685,0.00064576
1036,3.4686,0
1040,3.4687,0
1044,3.4686,-0.0003131
1048,3.4686,-0.00062619
1052,3.4685,0
1056,3.4684,0
1060,3.4685,0
1064,3.4685,0.00064576
1068,3.4686,0
1072,3.4686,-0.00062619
1076,3.4685,0
1080,3.4684,-0.00062619
1084,3.4685,0
1088,3.4685,0
1092,3.4685,-0.0003131
1096,3.4684,-0.00062619
1100,3.4685,0
1104,3.4683,-0.00062619
1108,3.4682,0
1112,3.4684,0
1116,3.4684,0.00064576
1120,3.4686,0
1124,3.4687,0.00064576
1128,3.4686,0
1132,3.4686,0
1136,3.4685,0
1140,3.4685,0
1144,3.4684,0
1148,3.4685,0
1152,3.4684,-0.00062619
1156,3.4684,0
1160,3.4684,-0.0003131
1164,3.4684,0
1168,3.4685,0
1172,3.4685,-0.00062619
1176,3.4684,0
1180,3.4684,0
1184,3.4685,0
1188,3.4685,-0.00062619
1192,3.4684,-0.00062619
1196,3.4685,-0.00062619
1200,3.4686,0
1204,3.4685,0
1208,3.4685,0
1212,3.4684,0
1216,3.4683,0
1220,3.4683,0
1224,3.4684,0
1228,3.4684,-0.00062619
1232,3.4685,-0.00062619
1236,3.4685,-0.00062619
1240,3.4685,0
1244,3.4685,0
1248,3.4687,0
1252,3.4685,-0.00062619
1256,3.4686,0
1260,3.4686,0
1264,3.4686,0
1268,3.4687,0
1272,3.4686,0.00064576
1276,3.4685,0
1280,3.4685,-0.00062619
1284,3.4686,-0.00062619
1288,3.4686,0.0003131
1292,3.4686,0
1296,3.4686,0
1300,3.4687,0.00064576
1304,3.4688,0
1308,3.4688,0
1312,3.4688,0.00064576
1316,3.4689,0
1320,3.4689,-0.00062619
1324,3.4688,0
1328,3.4689,0
1332,3.4689,0
1336,3.4689,0
1340,3.4689,0.00064576
1344,3.4689,0
1348,3.469,0
1352,3.469,-0.00062619
1356,3.469,0
1360,3.4689,0
1364,3.469,0
1368,3.469,0
1372,3.4689,0.00064576
1376,3.4688,0.00064576
1380,3.4689,0
1384,3.469,0.00064576
1388,3.469,0
1392,3.4688,0.00064576
1396,3.4687,0
1400,3.4688,0.00064576
1404,3.4687,0.00064576
1408,3.4687,0.0012719
1412,3.4687,0.0012719
1416,3.4688,0.00064576
1420,3.4688,0.00064576
1424,3.4687,0.0012719
1428,3.4689,0.0012719
1432,3.4689,0.0012719
1436,3.4689,0.0012719
1440,3.4688,0.0012719
1444,3.4688,0.0012719
1448,3.4686,0.0012719
1452,3.4687,0.0018981
1456,3.4687,0.0018981
1460,3.4688,0.0012719
1464,3.4688,0.0012719
1468,3.4687,0.0018981
1472,3.4688,0.0018981
1476,3.4688,0.0018981
1480,3.4687,0.0018981
1484,3.4688,0.0022308
1488,3.4688,0.0025439
1492,3.4687,0.0018981
1496,3.4687,0.0025439
1500,3.4688,0.0018981
1504,3.4688,0.0025439
1508,3.4688,0.0025439
1512,3.4687,0.0025439
1516,3.4686,0.0031701
1520,3.4686,0.0025439
1524,3.4688,0.0025439
1528,3.4687,0.0031701
1532,3.4687,0.0031701
1536,3.4687,0.0031701
1540,3.4687,0.0025439
1544,3.4688,0.0031701
1548,3.4688,0.0038159
1552,3.4688,0.0038159
1556,3.4689,0.0038159
1560,3.4688,0.0038159
1564,3.4686,0.0038159
1568,3.4687,0.0038159
1572,3.4688,0.004442
1576,3.4688,0.0038159
1580,3.4686,0.0038159
1584,3.4688,0.004442
1588,3.4688,0.004442
1592,3.4688,0.0038159
1596,3.4688,0.0050878
1600,3.4687,0.004442
1604,3.4687,0.0050878
1608,3.4687,0.0050878
1612,3.4685,0.0050878
1616,3.4686,0.004442
1620,3.4686,0.0050878
1624,3.4685,0.0050878
1628,3.4686,0.0050878
1632,3.4685,0.0063402
1636,3.4684,0.0063402
1640,3.4684,0.005714
1644,3.4684,0.0063402
1648,3.4685,0.0063402
1652,3.4686,0.0063402
1656,3.4685,0.0063402
1660,3.4685,0.0069859
1664,3.4685,0.0063402
1668,3.4686,0.0069859
1672,3.4686,0.0076121
1676,3.4686,0.0069859
1680,3.4686,0.0069859
1684,3.4685,0.0076121
1688,3.4686,0.0076121
1692,3.4686,0.0076121
1696,3.4686,0.0082579
1700,3.4685,0.0082579
1704,3.4687,0.0088841
1708,3.4686,0.0088841
1712,3.4686,0.0095103
1716,3.4687,0.0088841
1720,3.4686,0.0088841
1724,3.4685,0.0095103
1728,3.4684,0.0095103
1732,3.4685,0.0095103
1736,3.4686,0.010156
1740,3.4687,0.010156
1744,3.4688,0.010156
1748,3.4686,0.010782
1752,3.4688,0.010782
1756,3.4687,0.010782
1760,3.4688,0.010782
1764,3.4687,0.011428
1768,3.4687,0.011428
1772,3.4687,0.012054
1776,3.4688,0.012054
1780,3.4687,0.012054
1784,3.4686,0.012054
1788,3.4686,0.012054
1792,3.4687,0.012054
1796,3.4688,0.01268
1800,3.4689,0.013326
1804,3.4688,0.013326
1808,3.4688,0.013326
1812,3.4688,0.013952
1816,3.4688,0.013952
1820,3.4688,0.013952
1824,3.469,0.014598
1828,3.469,0.014598
1832,3.4691,0.014598
1836,3.4692,0.015224
1840,3.4691,0.015224
1844,3.4691,0.01585
1848,3.4691,0.015224
1852,3.4691,0.01585
1856,3.4692,0.016496
1860,3.4692,0.017122
1864,3.469,0.01585
1868,3.4689,0.016496
1872,3.469,0.017122
1876,3.4691,0.017768
1880,3.469,0.017768
1884,3.4691,0.018394
1888,3.469,0.018394
1892,3.469,0.017768
1896,3.469,0.018394
1900,3.469,0.019021
1904,3.4689,0.019021
1908,3.4689,0.019666
1912,3.4688,0.020293
1916,3.4688,0.020293
1920,3.4687,0.020293
1924,3.4687,0.020938
1928,3.4687,0.020938
1932,3.4687,0.020938
1936,3.4688,0.021565
1940,3.4688,0.021565
1944,3.4689,0.022191
1948,3.4689,0.022836
1952,3.4688,0.022836
1956,3.4689,0.022836
1960,3.4689,0.022836
1964,3.4688,0.023463
1968,3.4687,0.023463
1972,3.4688,0.024108
1976,3.4687,0.024108
1980,3.4687,0.024735
1984,3.4687,0.024735
1988,3.4687,0.026007
1992,3.4686,0.026007
1996,3.4687,0.026007
2000,3.4685,0.026007
2004,3.4687,0.026633
2008,3.4688,0.027279
2012,3.4687,0.027279
2016,3.4687,0.027279
2020,3.4686,0.02855
2024,3.4687,0.02855
2028,3.4686,0.027905
2032,3.4685,0.02855
2036,3.4686,0.029177
2040,3.4688,0.029177
2044,3.4687,0.029177
2048,3.4685,0.030449
2052,3.4686,0.030449
2056,3.4685,0.030449
2060,3.4686,0.030449
2064,3.4687,0.031075
2068,3.4687,0.031721
2072,3.4686,0.032347
2076,3.4686,0.032347
2080,3.4686,0.032347
2084,3.4688,0.033619
2088,3.4688,0.033619
2092,3.4687,0.033619
2096,3.4686,0.034245
2100,3.4687,0.034891
2104,3.4687,0.034891
2108,3.4687,0.035517
2112,3.4685,0.035517
2116,3.4684,0.036143
2120,3.4684,0.036143
2124,3.4684,0.036789
2128,3.4685,0.036789
2132,3.4685,0.036789
2136,3.4686,0.038061
2140,3.4686,0.038061
2144,3.4686,0.038687
2148,3.4686,0.038687
2152,3.4687,0.038687
2156,3.4685,0.039959
2160,3.4685,0.039959
2164,3.4685,0.039959
2168,3.4685,0.040585
2172,3.4685,0.040585
2176,3.4685,0.041231
2180,3.4685,0.041857
2184,3.4685,0.042483
2188,3.4685,0.041857
2192,3.4685,0.042483
2196,3.4685,0.043129
2200,3.4684,0.043129
2204,3.4683,0.043755
2208,3.4684,0.045027
2212,3.4686,0.045027
2216,3.4686,0.045654
2220,3.4685,0.045654
2224,3.4687,0.046299
2228,3.4687,0.046925
2232,3.4687,0.047571
2236,3.4687,0.047571
2240,3.4688,0.047571
2244,3.4689,0.047571
2248,3.4688,0.048197
2252,3.4687,0.048824
2256,3.4687,0.048824
2260,3.4688,0.049469
2264,3.4687,0.050096
2268,3.4689,0.050096
2272,3.469,0.050741
2276,3.469,0.051368
2280,3.469,0.051368
2284,3.4689,0.051368
2288,3.4688,0.052013
2292,3.4688,0.053266
2296,3.4689,0.053266
2300,3.4688,0.053912
2304,3.4689,0.053266
2308,3.469,0.054538
2312,3.4691,0.05581
2316,3.4691,0.055183
2320,3.4691,0.056436
2324,3.4691,0.057082
2328,3.4691,0.056436
2332,3.4691,0.057708
2336,3.4691,0.057708
2340,3.4689,0.057708
2344,3.469,0.058354
2348,3.4689,0.058354
2352,3.469,0.05898
2356,3.469,0.059606
2360,3.4688,0.060252
2364,3.4688,0.060878
2368,3.4689,0.061524
2372,3.4689,0.061524
2376,3.469,0.061524
2380,3.469,0.06215
2384,3.4689,0.062776
2388,3.4688,0.063422
2392,3.4689,0.064048
2396,3.469,0.064048
2400,3.4691,0.064694
2404,3.469,0.064694
2408,3.4689,0.06532
2412,3.4689,0.066592
2416,3.469,0.066592
2420,3.469,0.066592
2424,3.4691,0.067218
2428,3.469,0.067864
2432,3.469,0.06849
2436,3.469,0.069116
2440,3.4689,0.069116
2444,3.4687,0.069762
2448,3.4688,0.069762
2452,3.4689,0.070388
2456,3.4688,0.071034
2460,3.4687,0.07166
2464,3.4687,0.072287
2468,3.4687,0.07166
2472,3.4688,0.072932
2476,3.4689,0.073559
2480,3.4688,0.074204
2484,3.4689,0.074204
2488,3.4689,0.074831
2492,3.4688,0.074831
2496,3.4689,0.076103
2500,3.4689,0.076103
2504,3.4687,0.076103
2508,3.4686,0.077375
2512,3.4686,0.077375
2516,3.4687,0.078314
2520,3.4687,0.078647
2524,3.4686,0.079273
2528,3.4685,0.079273
2532,3.4685,0.079899
2536,3.4685,0.080545
2540,3.4685,0.081171
2544,3.4685,0.081171
2548,3.4684,0.081817
2552,3.4686,0.081817
2556,3.4686,0.082443
2560,3.4686,0.083069
2564,3.4687,0.083715
2568,3.4687,0.083715
2572,3.4688,0.084987
2576,3.4687,0.084987
2580,3.4687,0.086239
2584,3.4688,0.085613
2588,3.4687,0.086885
2592,3.4686,0.086885
2596,3.4686,0.088157
2600,3.4686,0.088157
2604,3.4686,0.088157
2608,3.4687,0.089409
2612,3.4686,0.089409
2616,3.4685,0.089409
2620,3.4686,0.090681
2624,3.4685,0.090681
2628,3.4686,0.091327
2632,3.4686,0.091953
2636,3.4685,0.09258
2640,3.4684,0.09258
2644,3.4684,0.093225
2648,3.4683,0.093852
2652,3.4683,0.094497
2656,3.4684,0.09575
2660,3.4684,0.095124
2664,3.4683,0.09575
2668,3.4685,0.096396
2672,3.4685,0.097022
2676,3.4686,0.097668
2680,3.4687,0.097668
2684,3.4687,0.098294
2688,3.4686,0.09894
2692,3.4686,0.09894
2696,3.4686,0.10019
2700,3.4688,0.10019
2704,3.4688,0.10084
2708,3.4686,0.10146
2712,3.4687,0.10211
2716,3.4688,0.10211
2720,3.4689,0.10274
2724,3.4688,0.10336
2728,3.4687,0.10401
2732,3.4687,0.10463
2736,3.4686,0.10463
2740,3.4688,0.10528
2744,3.4688,0.10528
2748,3.4688,0.10653
2752,3.4688,0.10653
2756,3.4687,0.10718
2760,3.4688,0.1078
2764,3.4689,0.1078
2768,3.4691,0.10845
2772,3.4691,0.10908
2776,3.4691,0.1097
2780,3.4691,0.11035
2784,3.4691,0.11035
2788,3.4691,0.11097
2792,3.4691,0.11162
2796,3.4691,0.11225
2800,3.4691,0.11287
2804,3.469,0.11352
2808,3.469,0.11352
2812,3.469,0.11479
2816,3.469,0.11479
2820,3.4688,0.11542
2824,3.4689,0.11542
2828,3.469,0.11604
2832,3.4688,0.11604
2836,3.4688,0.117
2840,3.4689,0.11796
2844,3.469,0.11827
2848,3.4688,0.11921
2852,3.4687,0.11955
2856,3.4687,0.11986
2860,3.4688,0.12049
2864,3.4689,0.12049
2868,3.4689,0.12113
2872,3.469,0.1224
2876,3.4689,0.1224
2880,3.4688,0.12303
2884,3.4689,0.12303
2888,3.4689,0.12366
2892,3.4687,0.12399
2896,3.4689,0.12493
2900,3.4689,0.12493
2904,3.4688,0.12557
2908,3.4686,0.1262
2912,3.4687,0.12683
2916,3.4688,0.12683
2920,3.4689,0.12747
2924,3.4689,0.12874
2928,3.4686,0.12937
2932,3.4687,0.12937
2936,3.4686,0.13
2940,3.4686,0.13
2944,3.4687,0.13064
2948,3.4689,0.13127
2952,3.4688,0.13127
2956,3.4688,0.13191
2960,3.4687,0.13254
2964,3.4687,0.13317
2968,3.4686,0.13381
2972,3.4685,0.13444
2976,3.4686,0.13444
2980,3.4688,0.13508
2984,3.4688,0.13571
2988,3.4688,0.13634
2992,3.4688,0.13698
2996,3.4687,0.13698
3000,3.4686,0.13698
3004,3.4687,0.13761
3008,3.4687,0.13888
3012,3.4687,0.13951
3016,3.4687,0.14015
3020,3.4686,0.14015
3024,3.4685,0.14078
3028,3.4686,0.14078
3032,3.4686,0.14142
3036,3.4686,0.14205
3040,3.4687,0.14268
3044,3.4687,0.14332
3048,3.4686,0.14332
3052,3.4686,0.14459
3056,3.4687,0.14459
3060,3.4687,0.14522
3064,3.4687,0.14522
3068,3.4687,0.14522
3072,3.4686,0.14585
3076,3.4685,0.14712
3080,3.4685,0.14712
3084,3.4686,0.14712
3088,3.4685,0.14839
3092,3.4686,0.14904
3096,3.4685,0.14904
3100,3.4685,0.15029
3104,3.4686,0.15029
3108,3.4686,0.15093
3112,3.4686,0.15093
3116,3.4687,0.15221
3120,3.4685,0.15221
3124,3.4686,0.15283
3128,3.4687,0.15346
3132,3.4687,0.15346
3136,3.4686,0.15411
3140,3.4687,0.15473
3144,3.4687,0.15538
3148,3.4689,0.15538
3152,3.4689,0.156
3156,3.4687,0.15663
3160,3.4686,0.15663
3164,3.4687,0.1579
3168,3.4688,0.1579
3172,3.4687,0.15855
3176,3.4687,0.15917
3180,3.4687,0.15917
3184,3.4688,0.1598
3188,3.4687,0.16045
3192,3.4686,0.16107
3196,3.4686,0.16107
3200,3.4686,0.16234
3204,3.4687,0.16234
3208,3.4687,0.16297
3212,3.4689,0.16362
3216,3.4689,0.16362
3220,3.4689,0.16424
3224,3.469,0.16489
3228,3.4691,0.16489
3232,3.4691,0.16551
3236,3.469,0.16614
3240,3.469,0.16679
3244,3.4688,0.16679
3248,3.4688,0.16679
3252,3.4689,0.16806
3256,3.469,0.16868
3260,3.4691,0.16931
3264,3.469,0.16931
3268,3.469,0.16868
3272,3.469,0.16996
3276,3.4689,0.17058
3280,3.4688,0.17123
3284,3.4689,0.17123
3288,3.4689,0.17123
3292,3.4689,0.17185
3296,3.469,0.1725
3300,3.4689,0.17313
3304,3.4689,0.17375
3308,3.4689,0.17375
3312,3.4688,0.17471
3316,3.4688,0.17502
3320,3.4689,0.17567
3324,3.469,0.1763
3328,3.4689,0.17567
3332,3.4688,0.1763
3336,3.4689,0.17692
3340,3.4688,0.1782
3344,3.4689,0.17884
3348,3.4688,0.17884
3352,3.4688,0.17915
3356,3.4688,0.17947
3360,3.4688,0.17978
3364,3.4689,0.18074
3368,3.469,0.18074
3372,3.4689,0.18201
3376,3.4688,0.18201
3380,3.4688,0.18201
3384,3.4687,0.18264
3388,3.4685,0.18326
3392,3.4685,0.18391
3396,3.4685,0.18391
3400,3.4685,0.18454
3404,3.4685,0.18454
3408,3.4685,0.18518
3412,3.4686,0.18518
3416,3.4688,0.18643
3420,3.4688,0.18708
3424,3.4687,0.18708
3428,3.4689,0.18771
3432,3.4689,0.18835
3436,3.4688,0.18835
3440,3.4688,0.18898
3444,3.4687,0.1896
3448,3.4687,0.1896
3452,3.4688,0.19025
3456,3.4688,0.18994
3460,3.4688,0.19088
3464,3.4688,0.19152
3468,3.4687,0.19215
3472,3.4687,0.19277
3476,3.4687,0.19342
3480,3.4686,0.19277
3484,3.4685,0.19342
3488,3.4685,0.19405
3492,3.4685,0.19469
3496,3.4684,0.19532
3500,3.4685,0.19532
3504,3.4685,0.19596
3508,3.4685,0.19596
3512,3.4685,0.19722
3516,3.4684,0.19722
3520,3.4686,0.19786
3524,3.4687,0.19786
3528,3.4688,0.19786
3532,3.4686,0.19849
3536,3.4685,0.19913
3540,3.4685,0.19976
3544,3.4686,0.20007
3548,3.4686,0.20039
3552,3.4686,0.20103
3556,3.4686,0.20103
3560,3.4686,0.20166
3564,3.4686,0.20166
3568,3.4687,0.2023
3572,3.4688,0.20356
3576,3.4686,0.20293
3580,3.4686,0.20356
3584,3.4686,0.2042
3588,3.4686,0.20483
3592,3.4686,0.20483
3596,3.4686,0.20548
3600,3.4687,0.2061
3604,3.4685,0.2061
3608,3.4684,0.20673
3612,3.4685,0.20737
3616,3.4684,0.20737
3620,3.4684,0.20737
3624,3.4684,0.208
3628,3.4683,0.20865
3632,3.4683,0.20865
3636,3.4684,0.20865
3640,3.4685,0.20927
3644,3.4686,0.2099
3648,3.4687,0.2099
3652,3.4685,0.21054
3656,3.4686,0.21117
3660,3.4686,0.21117
3664,3.4686,0.21117
3668,3.4685,0.21244
3672,3.4685,0.21244
3676,3.4685,0.21307
3680,3.4685,0.21244
3684,3.4686,0.21307
3688,3.4685,0.21371
3692,3.4687,0.21434
3696,3.4687,0.21434
3700,3.4688,0.21499
3704,3.4688,0.21561
3708,3.4687,0.21561
3712,3.4687,0.21624
3716,3.4688,0.21624
3720,3.4688,0.21688
3724,3.4687,0.21688
3728,3.4687,0.21751
3732,3.4687,0.21816
3736,3.4687,0.21847
3740,3.4688,0.21943
3744,3.4689,0.21943
3748,3.4687,0.21878
3752,3.4687,0.22005
3756,3.4687,0.22005
3760,3.4689,0.22068
3764,3.469,0.22068
3768,3.4688,0.22133
3772,3.4689,0.22195
3776,3.4689,0.22195
3780,3.4689,0.22195
3784,3.4689,0.2226
3788,3.469,0.22322
3792,3.469,0.22385
3796,3.4689,0.22385
3800,3.4689,0.22385
3804,3.469,0.2245
3808,3.4689,0.2245
3812,3.4688,0.22512
3816,3.4689,0.22577
3820,3.4689,0.2264
3824,3.4688,0.2264
3828,3.4689,0.22702
3832,3.4688,0.22702
3836,3.4688,0.22702
3840,3.469,0.22767
3844,3.469,0.22767
3848,3.4689,0.22829
3852,3.4689,0.22829
3856,3.4688,0.22894
3860,3.4689,0.22957
3864,3.4688,0.23019
3868,3.4687,0.23019
3872,3.4687,0.23019
3876,3.4687,0.23146
3880,3.4687,0.23146
3884,3.4689,0.23146
3888,3.469,0.23211
3892,3.469,0.23211
3896,3.4688,0.23211
3900,3.4689,0.23274
3904,3.4688,0.23336
3908,3.4688,0.23336
3912,3.4688,0.23401
3916,3.4687,0.23401
3920,3.4688,0.23463
3924,3.4689,0.23528
3928,3.4689,0.23528
3932,3.4688,0.23622
3936,3.469,0.23591
3940,3.4689,0.23653
3944,3.4689,0.23653
3948,3.4688,0.23718
3952,3.4688,0.23718
3956,3.4688,0.23718
3960,3.4687,0.2378
3964,3.4687,0.23845
3968,3.4687,0.23908
3972,3.4686,0.23908
3976,3.4686,0.2397
3980,3.4685,0.2397
3984,3.4685,0.2397
3988,3.4686,0.24035
3992,3.4688,0.24097
3996,3.4688,0.24097
4000,3.4687,0.24097
4004,3.4686,0.24162
4008,3.4687,0.24225
4012,3.4687,0.24225
4016,3.4686,0.24289
4020,3.4687,0.24289
4024,3.4688,0.24352
4028,3.4687,0.24352
4032,3.4687,0.24414
4036,3.4688,0.24414
4040,3.4687,0.24479
4044,3.4687,0.24542
4048,3.4686,0.24542
4052,3.4685,0.24479
4056,3.4686,0.24606
4060,3.4687,0.24669
4064,3.4687,0.24669
4068,3.4686,0.24669
4072,3.4686,0.24732
4076,3.4686,0.24732
4080,3.4685,0.24732
4084,3.4684,0.24796
4088,3.4684,0.24859
4092,3.4686,0.24859
4096,3.4686,0.24923
4100,3.4687,0.24923
4104,3.4687,0.24923
4108,3.4686,0.24923
4112,3.4685,0.25049
4116,3.4686,0.25049
4120,3.4685,0.25049
4124,3.4686,0.25113
4128,3.4687,0.25082
4132,3.4687,0.25113
4136,3.4686,0.25176
4140,3.4687,0.2524
4144,3.4686,0.2524
4148,3.4685,0.25303
4152,3.4685,0.25303
4156,3.4685,0.25303
4160,3.4684,0.25366
4164,3.4684,0.25366
4168,3.4684,0.25366
4172,3.4684,0.2543
4176,3.4685,0.25493
4180,3.4684,0.2543
4184,3.4684,0.25493
4188,3.4686,0.25557
4192,3.4686,0.25557
4196,3.4685,0.2562
4200,3.4687,0.2562
4204,3.4686,0.25683
4208,3.4685,0.25683
4212,3.4687,0.25747
4216,3.4687,0.25747
4220,3.4686,0.2581
4224,3.4687,0.2581
4228,3.4687,0.2581
4232,3.4688,0.2581
4236,3.4687,0.25874
4240,3.4687,0.25937
4244,3.4688,0.25937
4248,3.4688,0.25937
4252,3.4687,0.25937
4256,3.4687,0.26064
4260,3.4689,0.26064
4264,3.469,0.26127
4268,3.469,0.26064
4272,3.4689,0.26127
4276,3.4689,0.26127
4280,3.4688,0.26191
4284,3.469,0.26127
4288,3.469,0.26191
4292,3.469,0.26254
4296,3.469,0.26254
4300,3.4691,0.26317
4304,3.4691,0.26254
4308,3.4691,0.26317
4312,3.469,0.26381
4316,3.4689,0.26444
4320,3.4689,0.26444
4324,3.4689,0.26444
4328,3.469,0.26444
4332,3.469,0.26444
4336,3.469,0.26508
4340,3.469,0.26571
4344,3.4689,0.26636
4348,3.4688,0.26636
4352,3.4688,0.26571
4356,3.4688,0.26636
4360,3.469,0.26636
4364,3.469,0.26698
4368,3.4691,0.2673
4372,3.4691,0.26761
4376,3.4691,0.26761
4380,3.469,0.26826
4384,3.4688,0.26826
4388,3.4688,0.26888
4392,3.4689,0.26826
4396,3.4689,0.26888
4400,3.4687,0.26953
4404,3.4688,0.27015
4408,3.4689,0.27015
4412,3.4689,0.27015
4416,3.4687,0.27015
4420,3.4687,0.27078
4424,3.4688,0.27078
4428,3.4689,0.27143
4432,3.469,0.27143
4436,3.4688,0.27143
4440,3.4689,0.27205
4444,3.4688,0.27205
4448,3.4688,0.27205
4452,3.4688,0.27205
4456,3.4687,0.2727
4460,3.4687,0.27205
4464,3.4687,0.27332
4468,3.4688,0.27332
4472,3.4688,0.27395
4476,3.4688,0.27332
4480,3.4687,0.27395
4484,3.4686,0.27395
4488,3.4686,0.2746
4492,3.4687,0.2746
4496,3.4686,0.27522
4500,3.4687,0.27522
4504,3.4686,0.27587
4508,3.4685,0.27522
4512,3.4685,0.27522
4516,3.4687,0.27587
4520,3.4687,0.27587
4524,3.4687,0.27649
4528,3.4687,0.27649
4532,3.4686,0.27712
4536,3.4686,0.27712
4540,3.4686,0.27712
4544,3.4686,0.27777
4548,3.4687,0.27777
4552,3.4685,0.27777
4556,3.4685,0.27839
4560,3.4686,0.27839
4564,3.4687,0.27904
4568,3.4687,0.27839
4572,3.4687,0.27904
4576,3.4687,0.27904
4580,3.4686,0.27904
4584,3.4685,0.28029
4588,3.4686,0.28094
4592,3.4688,0.28029
4596,3.4688,0.28029
4600,3.4687,0.28094
4604,3.4686,0.28094
4608,3.4686,0.28094
4612,3.4686,0.28094
4616,3.4685,0.28156
4620,3.4686,0.28221
4624,3.4687,0.28156
4628,3.4686,0.28221
4632,3.4686,0.28221
4636,3.4687,0.28221
4640,3.4686,0.28283
4644,3.4686,0.28283
4648,3.4686,0.28283
4652,3.4685,0.28346
4656,3.4685,0.28283
4660,3.4685,0.28346
4664,3.4685,0.28346
4668,3.4686,0.28346
4672,3.4685,0.28411
4676,3.4686,0.28411
4680,3.4687,0.28473
4684,3.4686,0.28473
4688,3.4686,0.28473
4692,3.4686,0.28538
4696,3.4687,0.28538
4700,3.4686,0.28538
4704,3.4686,0.28538
4708,3.4687,0.28601
4712,3.4688,0.28601
4716,3.4688,0.28601
4720,3.4688,0.28663
4724,3.4687,0.28663
4728,3.4687,0.28663
4732,3.4689,0.28728
4736,3.4689,0.28663
4740,3.4688,0.28728
4744,3.4688,0.28728
4748,3.4687,0.28728
4752,3.4687,
4756,3.4688,
4760,3.4689,
4764,3.4689,
4768,3.469,
4772,3.4691,
4776,3.469,
4780,3.469,
4784,3.469,
4788,3.4691,
4792,3.4691,
4796,3.4691,
4800,3.4689,
4804,3.4691,
4808,3.469,
4812,3.469,
4816,3.4689,
4820,3.4689,
4824,3.4689,
4828,3.4689,
4832,3.4688,
4836,3.4688,
4840,3.4689,
4844,3.4688,
4848,3.4687,
4852,3.4689,
4856,3.4688,
4860,3.4688,
4864,3.4688,
4868,3.4687,
4872,3.4688,
4876,3.469,
4880,3.469,
4884,3.469,
4888,3.4689,
4892,3.4688,
4896,3.4688,
4900,3.4688,
4904,3.4689,
4908,3.4687,
4912,3.4688,
4916,3.4688,
4920,3.4687,
4924,3.4689,
4928,3.4687,
4932,3.4687,
4936,3.4688,
4940,3.4687,
4944,3.4686,
4948,3.4686,
4952,3.4686,
4956,3.4686,
4960,3.4686,
4964,3.4685,
4968,3.4684,
4972,3.4684,
4976,3.4685,
4980,3.4686,
4984,3.4687,
4988,3.4687,
4992,3.4686,
4996,3.4687,
5000,3.4686,
5004,3.4686,
5008,3.4686,
5012,3.4686,
5016,3.4685,
5020,3.4686,
5024,3.4686,
5028,3.4686,
5032,3.4686,
5036,3.4686,
5040,3.4684,
5044,3.4685,
5048,3.4685,
5052,3.4685,
5056,3.4684,
5060,3.4685,
5064,3.4686,
5068,3.4686,
5072,3.4686,
5076,3.4685,
5080,3.4686,
5084,3.4686,
5088,3.4686,
5092,3.4686,
5096,3.4687,
5100,3.4688,
5104,3.4687,
5108,3.4686,
5112,3.4685,
5116,3.4685,
5120,3.4687,
5124,3.4687,
5128,3.4688,
5132,3.4687,
5136,3.4687,
5140,3.4687,
5144,3.4688,
5148,3.4689,
5152,3.4689,
5156,3.4689,
5160,3.4689,
5164,3.469,
5168,3.4691,
5172,3.4689,
5176,3.4691,
5180,3.4689,
5184,3.4688,
5188,3.4689,
5192,3.4688,
5196,3.4687,
5200,3.4688,
5204,3.4689,
5208,3.4688,
5212,3.4688,
5216,3.4689,
5220,3.4689,
5224,3.469,
5228,3.4692,
5232,3.4691,
5236,3.469,
5240,3.469,
5244,3.4691,
5248,3.469,
5252,3.469,0.3063
5256,3.4689,0.30693
5260,3.4691,0.3063
5264,3.4692,0.30693
5268,3.4691,0.30693
5272,3.4689,0.30693
5276,3.469,0.30693
5280,3.4689,0.30693
5284,3.4689,0.30693
5288,3.469,0.30757
5292,3.4689,0.30693
5296,3.469,0.3082
5300,3.4689,0.30757
5304,3.4689,0.3082
5308,3.4689,0.3082
5312,3.469,0.3082
5316,3.469,0.3082
5320,3.469,0.30884
5324,3.4689,0.30884
5328,3.4689,0.30884
5332,3.4689,0.30884
5336,3.4689,0.30947
5340,3.4688,0.30884
5344,3.4687,0.30947
5348,3.4687,0.30947
5352,3.4687,0.30947
5356,3.4686,0.30947
5360,3.4687,0.30947
5364,3.4687,0.30947
5368,3.4687,0.30947
5372,3.4689,0.30947
5376,3.4689,0.30947
5380,3.4689,0.3101
5384,3.4687,0.3101
5388,3.4686,0.30947
5392,3.4686,0.31074
5396,3.4688,0.3101
5400,3.4688,0.31137
5404,3.4688,0.31137
5408,3.469,0.31074
5412,3.4689,0.31137
5416,3.4689,0.31074
5420,3.469,0.31074
5424,3.4689,0.31074
5428,3.4688,0.31074
5432,3.4688,0.31137
5436,3.4688,0.31137
5440,3.4688,0.31137
5444,3.4688,0.31137
5448,3.4687,0.31201
5452,3.4687,0.31201
5456,3.4687,0.31201
5460,3.4687,0.31201
5464,3.4687,0.31201
5468,3.4689,0.31201
5472,3.4688,0.31264
5476,3.4687,0.31264
5480,3.4687,0.31264
5484,3.4687,0.31264
5488,3.4687,0.31329
5492,3.4685,0.31329
5496,3.4686,0.31329
5500,3.4687,0.31329
5504,3.4687,0.31329
5508,3.4686,0.31391
5512,3.4687,0.31391
5516,3.4687,0.31329
5520,3.4686,0.31329
5524,3.4686,0.31329
5528,3.4686,0.31391
5532,3.4686,0.31454
5536,3.4685,0.31391
5540,3.4686,0.31454
5544,3.4686,0.31454
5548,3.4684,0.31391
5552,3.4685,0.31454
5556,3.4685,0.31454
5560,3.4685,0.31454
5564,3.4685,0.31518
5568,3.4686,0.31454
5572,3.4687,0.31518
5576,3.4687,0.31454
5580,3.4687,0.31454
5584,3.4687,0.31454
5588,3.4687,0.31518
5592,3.4688,0.31518
5596,3.4687,0.31518
5600,3.4687,0.31518
5604,3.4688,0.31518
5608,3.4686,0.31581
5612,3.4688,0.31581
5616,3.4688,0.31581
5620,3.4686,0.31581
5624,3.4687,0.31581
5628,3.4688,0.31518
5632,3.4688,0.31581
5636,3.4688,0.31581
5640,3.4688,0.31581
5644,3.4687,0.31581
5648,3.4689,0.31581
5652,3.4689,0.31646
5656,3.4689,0.31646
5660,3.4689,0.31646
5664,3.4689,0.31646
5668,3.469,0.31646
5672,3.4691,0.31646
5676,3.4691,0.31646
5680,3.469,0.31646
5684,3.4691,0.31646
5688,3.4691,0.31646
5692,3.469,0.31708
5696,3.469,0.31708
5700,3.4691,0.31708
5704,3.4692,0.31708
5708,3.4692,0.31771
5712,3.4692,0.31646
5716,3.469,0.31708
5720,3.4691,0.31771
5724,3.4692,0.31771
5728,3.4691,0.31771
5732,3.4692,0.3174
5736,3.4692,0.31708
5740,3.4691,0.31771
5744,3.4691,0.31771
5748,3.469,0.31835
5752,3.4689,0.31771
5756,3.469,0.31771
5760,3.4689,0.31898
5764,3.4689,0.31771
5768,3.469,0.31835
5772,3.4691,0.31835
5776,3.469,0.31898
5780,3.469,0.31898
5784,3.4689,0.31835
5788,3.4688,0.31835
5792,3.469,0.31835
5796,3.4688,0.31898
5800,3.4687,0.31898
5804,3.4688,0.31963
5808,3.4688,0.31963
5812,3.4687,0.31963
5816,3.4689,0.31963
5820,3.4688,0.31963
5824,3.4687,0.31898
5828,3.4687,0.32025
5832,3.4686,0.31963
5836,3.4685,0.31963
5840,3.4687,0.32025
5844,3.4687,0.32025
5848,3.4687,0.32025
5852,3.4688,0.32025
5856,3.4687,0.32025
5860,3.4687,0.31963
5864,3.4687,0.32025
5868,3.4688,0.32025
5872,3.4687,0.32025
5876,3.4687,0.32025
5880,3.4687,0.32025
5884,3.4687,0.32025
5888,3.4688,0.32088
5892,3.4689,0.32088
5896,3.4687,0.32088
5900,3.4687,0.32088
5904,3.4687,0.32088
5908,3.4687,0.32088
5912,3.4687,0.32088
5916,3.4687,0.32153
5920,3.4685,0.32088
5924,3.4687,0.32025
5928,3.4687,0.32088
5932,3.4685,0.32088
5936,3.4685,0.32153
5940,3.4685,0.32088
5944,3.4684,0.32153
5948,3.4684,0.32088
5952,3.4686,0.32153
5956,3.4687,0.32153
5960,3.4686,0.32215
5964,3.4686,0.32215
5968,3.4686,0.32153
5972,3.4685,0.32088
5976,3.4687,0.32153
5980,3.4687,0.32215
5984,3.4686,0.32153
5988,3.4684,0.32153
5992,3.4684,0.32215
5996,3.4686,0.32246
6000,3.4687,0.32215
6004,3.4688,0.32215
6008,3.4687,0.3228
6012,3.4685,0.32215
6016,3.4685,0.3228
6020,3.4685,0.3228
6024,3.4686,0.3228
6028,3.4685,0.32215
6032,3.4684,0.32215
6036,3.4684,0.3228
6040,3.4684,0.3228
6044,3.4685,0.3228
6048,3.4687,0.3228
6052,3.4686,0.3228
6056,3.4685,0.3228
6060,3.4685,0.32342
6064,3.4685,0.3228
6068,3.4684,0.3228
6072,3.4684,0.3228
6076,3.4684,0.32342
6080,3.4687,0.32342
6084,3.4687,0.3228
6088,3.4687,0.32342
6092,3.4688,0.32342
6096,3.4688,0.32342
6100,3.4688,0.32342
6104,3.4688,0.32342
6108,3.4688,0.32342
6112,3.4688,0.32342
6116,3.4689,0.32342
6120,3.4688,0.32405
6124,3.4687,0.32342
6128,3.4688,0.32342
6132,3.4689,0.32342
6136,3.4689,0.32405
6140,3.469,0.32405
6144,3.4691,0.32342
6148,3.4689,0.32405
6152,3.469,0.32405
6156,3.469,0.32405
6160,3.469,0.32374
6164,3.4688,0.32405
6168,3.4688,0.32405
6172,3.469,0.32405
6176,3.469,0.32405
6180,3.4689,0.32405
6184,3.4689,0.3247
6188,3.4689,0.3247
6192,3.469,0.32405
6196,3.469,0.32405
6200,3.4691,0.3247
6204,3.4692,0.32405
6208,3.4692,0.32438
6212,3.4691,0.32405
6216,3.4691,0.32405
6220,3.4691,0.3247
6224,3.469,0.3247
6228,3.4691,0.3247
6232,3.4691,0.3247
6236,3.4689,0.3247
6240,3.4688,0.32532
6244,3.4687,0.3247
6248,3.4688,0.3247
6252,3.4689,0.3247
6256,3.4689,0.3247
6260,3.4689,0.32532
6264,3.4687,0.3247
6268,3.4688,0.32532
6272,3.4689,0.32532
6276,3.469,0.32532
6280,3.4689,0.32597
6284,3.4687,0.32532
6288,3.4687,0.3247
6292,3.4688,0.32532
6296,3.4687,0.32532
6300,3.4687,0.32532
6304,3.4688,0.32597
6308,3.4688,0.32532
6312,3.4689,0.32597
6316,3.4687,0.32597
6320,3.4688,0.32532
6324,3.4687,0.32532
6328,3.4685,0.32532
6332,3.4685,0.32532
6336,3.4685,0.32597
6340,3.4686,0.32597
6344,3.4686,0.32597
6348,3.4687,0.32597
6352,3.4687,0.32597
6356,3.4686,0.32659
6360,3.4687,0.32597
6364,3.4687,0.32597
6368,3.4687,0.32597
6372,3.4688,0.32597
6376,3.4687,0.32597
6380,3.4686,0.32659
6384,3.4687,0.32597
6388,3.4686,0.32659
6392,3.4684,0.32659
6396,3.4686,0.32597
6400,3.4685,0.32659
6404,3.4686,0.32659
6408,3.4687,0.32659
6412,3.4687,0.32659
6416,3.4686,0.32659
6420,3.4685,0.32722
6424,3.4684,0.32722
6428,3.4686,0.32659
6432,3.4688,0.32597
6436,3.4687,0.32659
6440,3.4688,0.32659
6444,3.4688,0.32722
6448,3.4687,0.32691
6452,3.4686,0.32659
6456,3.4686,0.32659
6460,3.4685,0.32659
6464,3.4686,0.32659
6468,3.4686,0.32722
6472,3.4687,0.32691
6476,3.4687,0.32659
6480,3.4687,0.32659
6484,3.4686,0.32722
6488,3.4686,0.32722
6492,3.4687,0.32722
6496,3.4687,0.32659
6500,3.4687,0.32722
6504,3.4687,0.32722
6508,3.4689,0.32659
6512,3.4687,0.32659
6516,3.4687,0.32722
6520,3.4687,0.32722
6524,3.4687,0.32722
6528,3.4687,0.32722
6532,3.4688,0.32722
6536,3.4688,0.32722
6540,3.4688,0.32722
6544,3.4688,0.32722
6548,3.4687,0.32691
6552,3.4688,0.32722
6556,3.4688,0.32722
6560,3.4688,0.32722
6564,3.4688,0.32722
6568,3.469,0.32722
6572,3.4689,0.32722
6576,3.4689,0.32787
6580,3.4689,0.32787
6584,3.469,0.32787
6588,3.4691,0.32787
6592,3.4691,0.32722
6596,3.469,0.32722
6600,3.4691,0.32722
6604,3.4691,0.32787
6608,3.4691,0.32722
6612,3.4692,0.32787
6616,3.4692,0.32722
6620,3.4691,0.32722
6624,3.4692,0.32787
6628,3.4691,0.32787
6632,3.4691,0.32849
6636,3.4691,0.32787
6640,3.469,0.32787
6644,3.4689,0.32787
6648,3.4689,0.32787
6652,3.469,0.32849
6656,3.4689,0.32849
6660,3.469,0.32787
6664,3.4689,0.32787
6668,3.4689,0.32849
6672,3.4689,0.32849
6676,3.469,0.32849
6680,3.4689,0.32787
6684,3.4689,0.32849
6688,3.4689,0.32849
6692,3.4689,0.32849
6696,3.4689,0.32787
6700,3.469,0.32849
6704,3.4689,0.32881
6708,3.4689,0.32849
6712,3.4689,0.32914
6716,3.4688,0.32849
6720,3.4687,0.32849
6724,3.4687,0.32787
6728,3.4686,0.32818
6732,3.4687,0.32849
6736,3.4687,0.32849
6740,3.4688,0.32914
6744,3.4687,0.32849
6748,3.4687,0.32849
6752,3.4687,0.32849
6756,3.4687,0.32849
6760,3.4688,0.32914
6764,3.4687,0.32914
6768,3.4688,0.32849
6772,3.4688,0.32849
6776,3.4688,0.32849
6780,3.4688,0.32914
6784,3.4687,0.32849
6788,3.4687,0.32914
6792,3.4687,0.32849
6796,3.4687,0.32914
6800,3.4686,0.32914
6804,3.4686,0.32849
6808,3.4687,0.32849
6812,3.4687,0.32914
6816,3.4686,0.32914
6820,3.4685,0.32914
6824,3.4684,0.32914
6828,3.4686,0.32976
6832,3.4687,0.32976
6836,3.4686,0.32914
6840,3.4687,0.32914
6844,3.4688,0.32914
6848,3.4688,0.32914
6852,3.4686,0.32914
6856,3.4685,0.32976
6860,3.4687,0.32849
6864,3.4688,0.32914
6868,3.4687,0.32976
6872,3.4686,0.32976
6876,3.4685,0.32914
6880,3.4685,0.32914
6884,3.4685,0.32914
6888,3.4684,0.32914
6892,3.4685,0.32914
6896,3.4686,0.32976
6900,3.4685,0.32914
6904,3.4685,0.32976
6908,3.4685,0.32976
6912,3.4684,0.32976
6916,3.4684,0.32976
6920,3.4685,0.32976
6924,3.4685,0.32976
6928,3.4685,0.32976
6932,3.4685,0.32976
6936,3.4685,0.32976
6940,3.4685,0.32976
6944,3.4686,0.32976
6948,3.4686,0.32976
6952,3.4686,0.32976
6956,3.4685,0.32976
6960,3.4687,0.33039
6964,3.4688,0.32914
6968,3.4688,0.32976
6972,3.4686,0.32976
6976,3.4687,0.32976
6980,3.4687,0.32976
6984,3.4686,0.32976
6988,3.4685,0.32976
6992,3.4685,0.32914
6996,3.4685,0.33039
7000,3.4687,0.33039
7004,3.4688,0.33039
7008,3.4687,0.32976
7012,3.4689,0.33039
7016,3.4689,0.32976
7020,3.4689,0.32976
7024,3.469,0.33039
7028,3.4689,0.32976
7032,3.4691,0.32976
7036,3.4691,0.33039
7040,3.469,0.32976
7044,3.4689,0.32976
7048,3.4689,0.32976
7052,3.4691,0.33039
7056,3.4689,0.33039
7060,3.4689,0.32976
7064,3.469,0.33039
7068,3.4688,0.33039
7072,3.4687,0.33039
7076,3.4687,0.33008
7080,3.4687,0.33039
7084,3.4688,0.33039
7088,3.4688,0.33039
7092,3.4688,0.33039
7096,3.4689,0.33104
7100,3.4689,0.33039
7104,3.4689,0.33104
7108,3.4689,0.33104
7112,3.469,0.33104
7116,3.4689,0.33039
7120,3.4689,0.33039
7124,3.4689,0.33104
7128,3.4688,0.33104
7132,3.4689,0.33104
7136,3.469,0.33104
7140,3.469,0.33104
7144,3.4689,0.33039
7148,3.4688,0.33039
7152,3.4686,0.33104
7156,3.4687,0.33104
7160,3.4688,0.33104
7164,3.4688,0.33104
7168,3.4687,0.33072
7172,3.4687,0.33039
7176,3.4686,0.33104
7180,3.4687,0.33104
7184,3.4686,0.33039
7188,3.4686,0.33039
7192,3.4687,0.33104
7196,3.4688,0.33104
7200,3.4688,0.33104
7204,3.4688,0.33039
7208,3.4688,0.33104
7212,3.4687,0.33104
7216,3.4688,0.33104
7220,3.4689,0.33166
7224,3.4688,0.33104
7228,3.4687,0.33039
7232,3.4687,0.33104
7236,3.4687,0.33104
7240,3.4685,0.33104
7244,3.4687,0.33104
7248,3.4687,0.33166
7252,3.4687,0.33104
7256,3.4688,0.33039
7260,3.4688,0.33104
7264,3.4688,0.33104
7268,3.4689,0.33104
7272,3.4687,0.33104
7276,3.4686,0.33166
7280,3.4687,0.33104
7284,3.4686,0.33104
7288,3.4688,0.33104
7292,3.4689,0.33104
7296,3.4688,0.33104
7300,3.4687,0.33166
7304,3.4687,0.33104
7308,3.4686,0.33104
7312,3.4687,0.33166
7316,3.4687,0.33104
7320,3.4687,0.33104
7324,3.4687,0.33104
7328,3.4687,0.33166
7332,3.4686,0.33104
7336,3.4687,0.33104
7340,3.4688,0.33166
7344,3.4687,0.33104
7348,3.4686,0.33104
7352,3.4686,0.33231
7356,3.4684,0.33104
7360,3.4684,0.33166
7364,3.4684,0.33166
7368,3.4683,0.33104
7372,3.4684,0.33166
7376,3.4685,0.33231
7380,3.4684,0.33104
7384,3.4685,0.33166
7388,3.4685,0.33104
7392,3.4685,0.33104
7396,3.4687,0.33104
7400,3.4688,0.33104
7404,3.4687,0.33166
7408,3.4688,0.33166
7412,3.4688,0.33166
7416,3.4687,0.33166
7420,3.4687,0.33166
7424,3.4688,0.33104
7428,3.4687,0.33166
7432,3.4687,0.33166
7436,3.4686,0.33166
7440,3.4687,0.33166
7444,3.4687,0.33198
7448,3.4688,0.33104
7452,3.4688,0.33166
7456,3.4689,0.33166
7460,3.4689,0.33166
7464,3.4688,0.33166
7468,3.4689,0.33166
7472,3.4689,0.33166
7476,3.4688,0.33166
7480,3.469,0.33166
7484,3.469,0.33166
7488,3.469,0.33166
7492,3.4691,0.33166
7496,3.4691,0.33166
7500,3.469,0.33166
7504,3.469,0.33166
7508,3.469,0.33104
7512,3.469,0.33166
7516,3.469,0.33104
7520,3.4689,0.33104
7524,3.469,0.33166
7528,3.4689,0.33166
7532,3.469,0.33104
7536,3.4688,0.33166
7540,3.4688,0.33166
7544,3.4688,0.33166
7548,3.469,0.33166
7552,3.4689,0.33166
7556,3.4689,0.33231
7560,3.469,0.33166
7564,3.4692,0.33231
7568,3.4693,0.33104
7572,3.4692,0.33231
7576,3.4691,0.33104
7580,3.4692,0.33104
7584,3.4691,0.33231
7588,3.4689,0.33166
7592,3.4689,0.33166
7596,3.469,0.33166
7600,3.4689,0.33166
7604,3.4689,0.33166
7608,3.4688,0.33104
7612,3.4689,0.33231
7616,3.469,0.33166
7620,3.469,0.33166
7624,3.469,0.33166
7628,3.4689,0.33166
7632,3.4689,0.33166
7636,3.4689,0.33166
7640,3.469,0.33166
7644,3.469,0.33166
7648,3.4689,0.33166
7652,3.469,0.33166
7656,3.4688,0.33166
7660,3.4688,0.33166
7664,3.4689,0.33166
7668,3.4689,0.33231
7672,3.4688,0.33231
7676,3.4689,0.33231
7680,3.4688,0.33231
7684,3.4687,0.33166
7688,3.4687,0.33166
7692,3.4687,0.33231
7696,3.4686,0.33166
7700,3.4686,0.33293
7704,3.4688,0.33166
7708,3.4688,0.33231
7712,3.4689,0.33166
7716,3.4689,0.33166
7720,3.4688,0.33231
7724,3.4688,0.33166
7728,3.4688,0.33231
7732,3.4687,0.33166
7736,3.4688,0.33231
7740,3.4688,0.33231
7744,3.4687,0.33231
7748,3.4687,0.33231
7752,3.4687,0.33166
7756,3.4686,0.33231
7760,3.4687,0.33231
7764,3.4687,0.33231
7768,3.4687,0.33166
7772,3.4687,0.33231
7776,3.4686,0.33231
7780,3.4686,0.33231
7784,3.4686,0.33231
7788,3.4686,0.33166
7792,3.4685,0.33231
7796,3.4686,0.33231
7800,3.4686,0.33198
7804,3.4687,0.33231
7808,3.4688,0.33231
7812,3.4687,0.33231
7816,3.4686,0.33166
7820,3.4686,0.33231
7824,3.4687,0.33166
7828,3.4685,0.33166
7832,3.4686,0.33231
7836,3.4686,0.33231
7840,3.4685,0.33293
7844,3.4687,0.33231
7848,3.4688,0.33231
7852,3.4687,0.33166
7856,3.4686,0.33231
7860,3.4685,0.33231
7864,3.4686,0.33231
7868,3.4685,0.33231
7872,3.4685,0.33231
7876,3.4684,0.33231
7880,3.4687,0.33166
7884,3.4687,0.33293
7888,3.4687,0.33231
7892,3.4687,0.33231
7896,3.4686,0.33231
7900,3.4685,0.33231
7904,3.4688,0.33231
7908,3.4686,0.33166
7912,3.4685,0.33231
7916,3.4687,0.33166
7920,3.4687,0.33231
7924,3.4687,0.33166
7928,3.4687,0.33293
7932,3.4688,0.33231
7936,3.4688,0.33231
7940,3.469,0.33231
7944,3.4689,0.33231
7948,3.4688,0.33231
7952,3.4688,0.33166
7956,3.4688,0.33231
7960,3.4689,0.33231
7964,3.4688,0.33231
7968,3.469,0.33231
7972,3.4688,0.33166
7976,3.4688,0.33231
7980,3.4689,0.33231
7984,3.4688,0.33231
7988,3.4688,0.33231
7992,3.4689,0.33231
7996,3.469,0.33166
8000,3.469,0.33231
8004,3.4689,0.33231
8008,3.4689,0.33231
8012,3.469,0.33231
8016,3.4689,0.33262
8020,3.4689,0.33231
8024,3.4689,0.33231
8028,3.4691,0.33231
8032,3.469,0.33231
8036,3.4691,0.33231
8040,3.4692,0.33231
8044,3.4691,0.33293
8048,3.4692,0.33231
8052,3.4693,0.33231
8056,3.4693,0.33166
8060,3.469,0.33231
8064,3.4689,0.33231
8068,3.4689,0.33293
8072,3.469,0.33231
8076,3.4689,0.33231
8080,3.4688,0.33231
8084,3.4688,0.33166
8088,3.4689,0.33231
8092,3.4691,0.33293
8096,3.4691,0.33166
8100,3.469,0.33231
8104,3.4689,0.33231
8108,3.4689,0.33293
8112,3.4689,0.33231
8116,3.469,0.33231
8120,3.4689,0.33231
8124,3.4689,0.33293
8128,3.4689,0.33262
8132,3.4688,0.33231
8136,3.4688,0.33231
8140,3.4687,0.33231
8144,3.4687,0.33293
8148,3.4687,0.33231
8152,3.4687,0.33293
8156,3.4688,0.33231
8160,3.4687,0.33231
8164,3.4687,0.33231
8168,3.4688,0.33231
8172,3.4689,0.33231
8176,3.4688,0.33293
8180,3.4687,0.33166
8184,3.4687,0.33231
8188,3.4687,0.33293
8192,3.4687,0.33231
8196,3.4689,0.33231
8200,3.4688,0.33231
8204,3.4687,0.33231
8208,3.4688,0.33293
8212,3.4688,0.33231
8216,3.4688,0.33231
8220,3.4688,0.33231
8224,3.4686,0.33231
8228,3.4685,0.33293
8232,3.4685,0.33231
8236,3.4686,0.33231
8240,3.4686,0.33231
8244,3.4685,0.33231
8248,3.4685,0.33231
8252,3.4685,0.33231
8256,3.4685,0.33231
8260,3.4685,0.33231
8264,3.4685,0.33231
8268,3.4685,0.33231
8272,3.4686,0.33231
8276,3.4685,0.33231
8280,3.4686,0.33231
8284,3.4685,0.33231
8288,3.4685,0.33231
8292,3.4684,0.33231
8296,3.4685,0.33231
8300,3.4686,0.33293
8304,3.4687,0.33231
8308,3.4685,0.33293
8312,3.4685,0.33231
8316,3.4685,0.33231
8320,3.4685,0.33231
8324,3.4685,0.33231
8328,3.4687,0.33231
8332,3.4686,0.33293
8336,3.4686,0.33293
8340,3.4687,0.33231
8344,3.4687,0.33231
8348,3.4687,0.33231
8352,3.4688,0.33231
8356,3.4687,0.33231
8360,3.4686,0.33231
8364,3.4686,0.33293
8368,3.4685,0.33166
8372,3.4686,0.33293
8376,3.4687,0.33231
8380,3.4686,0.33231
8384,3.4688,0.33231
8388,3.4689,0.33231
8392,3.4688,0.33231
8396,3.4688,0.33166
8400,3.4689,0.33231
8404,3.4689,0.33166
8408,3.4687,0.33231
8412,3.4687,0.33231
8416,3.4688,0.33231
8420,3.4688,0.33231
8424,3.4689,0.33231
8428,3.4689,0.33231
8432,3.4689,0.33293
8436,3.469,0.33231
8440,3.4689,0.33231
8444,3.4688,0.33231
8448,3.469,0.33166
8452,3.469,0.33231
8456,3.469,0.33231
8460,3.469,0.33166
8464,3.469,0.33231
8468,3.4689,0.33231
8472,3.4689,0.33231
8476,3.469,0.33231
8480,3.4691,0.33231
8484,3.4691,0.33293
8488,3.4692,0.33231
8492,3.4691,0.33231
8496,3.469,0.33231
8500,3.4689,0.33231
8504,3.4688,0.33231
8508,3.469,0.33231
8512,3.4691,0.33231
8516,3.4688,0.33293
8520,3.4689,0.33231
8524,3.4691,0.33231
8528,3.4689,0.33231
8532,3.4689,0.33231
8536,3.469,0.33231
8540,3.469,0.33166
8544,3.469,0.33231
8548,3.4689,0.33231
8552,3.4688,0.33231
8556,3.4689,0.33231
8560,3.4688,0.33231
8564,3.4686,0.33231
8568,3.4687,0.33231
8572,3.4688,0.33231
8576,3.4686,0.33293
8580,3.4685,0.33231
8584,3.4686,0.33231
8588,3.4687,0.33293
8592,3.4686,0.33231
8596,3.4687,0.33231
8600,3.4685,0.33231
8604,3.4684,0.33293
8608,3.4686,0.33231
8612,3.4686,0.33231
8616,3.4687,0.33293
8620,3.4688,0.33231
8624,3.4688,0.33293
8628,3.4688,0.33231
8632,3.4689,0.33231
8636,3.4686,0.33231
8640,3.4688,0.33293
8644,3.4688,0.33231
8648,3.4687,0.33231
8652,3.4686,0.33231
8656,3.4687,0.33231
8660,3.4687,0.33231
8664,3.4687,0.33231
8668,3.4686,0.33231
8672,3.4685,0.33231
8676,3.4686,0.33231
8680,3.4686,0.33231
8684,3.4686,0.33231
8688,3.4686,0.33231
8692,3.4686,0.33231
8696,3.4686,0.33231
8700,3.4687,0.33293
8704,3.4688,0.33231
8708,3.4688,0.33293
8712,3.4688,0.33231
8716,3.4687,0.33293
8720,3.4685,0.33231
8724,3.4685,0.33293
8728,3.4686,0.33231
8732,3.4687,0.33231
8736,3.4688,0.33231
8740,3.4688,0.33231
8744,3.4686,0.33231
8748,3.4686,0.33231
8752,3.4686,0.33231
8756,3.4685,0.33231
8760,3.4686,0.33231
8764,3.4687,0.33166
8768,3.4687,0.33293
8772,3.4687,0.33231
8776,3.4688,0.33231
8780,3.4688,0.33231
8784,3.4686,0.33166
8788,3.4687,0.33231
8792,3.4688,0.33231
8796,3.4688,0.33231
8800,3.4687,0.33231
8804,3.4689,0.33231
8808,3.4689,0.33231
8812,3.4688,0.33231
8816,3.4688,0.33231
8820,3.4689,0.33231
8824,3.469,0.33231
8828,3.4688,0.33231
8832,3.4689,0.33166
8836,3.4691,0.33166
8840,3.4691,0.33231
8844,3.469,0.33166
8848,3.469,0.33231
8852,3.4691,0.33231
8856,3.4691,0.33166
8860,3.4691,0.33231
8864,3.469,0.33166
8868,3.469,0.33231
8872,3.4688,0.33166
8876,3.4689,0.33231
8880,3.4688,0.33231
8884,3.4688,0.33231
8888,3.4689,0.33231
8892,3.4689,0.33231
8896,3.469,0.33231
8900,3.4689,0.33293
8904,3.469,0.33231
8908,3.4691,0.33231
8912,3.4691,0.33231
8916,3.4689,0.33231
8920,3.469,0.33231
8924,3.4688,0.33231
8928,3.4688,0.33166
8932,3.4689,0.33293
8936,3.469,0.33231
8940,3.4689,0.33231
8944,3.4689,0.33293
8948,3.4688,0.33231
8952,3.4688,0.33231
8956,3.4688,0.33262
8960,3.4688,0.33231
8964,3.4689,0.33231
8968,3.4689,0.33231
8972,3.4689,0.33198
8976,3.4689,0.33231
8980,3.4689,0.33231
8984,3.4688,0.33166
8988,3.4688,0.33231
8992,3.4688,0.33231
8996,3.4689,0.33231
9000,3.469,0.33293
9004,3.469,0.33166
9008,3.4688,0.33231
9012,3.4687,0.33231
9016,3.4686,0.33293
9020,3.4687,0.33166
9024,3.4686,0.33293
9028,3.4686,0.33231
9032,3.4685,0.33231
9036,3.4686,0.33293
9040,3.4688,0.33231
9044,3.4687,0.33293
9048,3.4686,0.33231
9052,3.4686,0.33231
9056,3.4686,0.33231
9060,3.4687,0.33166
9064,3.4688,0.33293
9068,3.4687,0.33231
9072,3.4686,0.33231
9076,3.4688,0.33231
9080,3.4687,0.33231
9084,3.4686,0.33166
9088,3.4686,0.33231
9092,3.4687,0.33231
9096,3.4687,0.33231
9100,3.4688,0.33198
9104,3.4687,0.33231
9108,3.4686,0.33231
9112,3.4687,0.33231
9116,3.4687,0.33231
9120,3.4686,0.33293
9124,3.4685,0.33293
9128,3.4685,0.33293
9132,3.4685,0.33231
9136,3.4686,0.33231
9140,3.4686,0.33231
9144,3.4687,0.33231
9148,3.4687,0.33231
9152,3.4687,0.33293
9156,3.4685,0.33231
9160,3.4685,0.33231
9164,3.4685,0.33231
9168,3.4685,0.33231
9172,3.4686,0.33231
9176,3.4686,0.33293
9180,3.4687,0.33166
9184,3.4688,0.33231
9188,3.4688,0.33231
9192,3.4688,0.33231
9196,3.4689,0.33231
9200,3.4688,0.33231
9204,3.4686,0.33231
9208,3.4687,0.33293
9212,3.4686,0.33166
9216,3.4687,0.33231
9220,3.4688,0.33231
9224,3.4687,0.33231
9228,3.4686,0.33231
9232,3.4686,0.33231
9236,3.4687,0.33231
9240,3.4687,0.33231
9244,3.4688,0.33231
9248,3.4688,0.33231
9252,3.4687,0.33231
9256,3.4688,0.33231
9260,3.4687,0.33231
9264,3.4688,0.33231
9268,3.4688,0.33231
9272,3.4688,0.33166
9276,3.4689,0.33166
9280,3.4691,0.33231
9284,3.4692,0.33231
9288,3.4691,0.33231
9292,3.4692,0.33293
9296,3.4692,0.33231
9300,3.4692,0.33231
9304,3.4692,0.33231
9308,3.4691,0.33166
9312,3.4691,0.33231
9316,3.469,0.33293
9320,3.4692,0.33231
9324,3.4691,0.33166
9328,3.469,0.33231
9332,3.469,0.33231
9336,3.469,0.33293
9340,3.4689,0.33231
9344,3.4691,0.33262
9348,3.4691,0.33231
9352,3.469,0.33231
9356,3.469,0.33231
9360,3.4688,0.33231
9364,3.4688,0.33231
9368,3.4688,0.33231
9372,3.4687,0.33231
9376,3.4687,0.33231
9380,3.4689,0.33166
9384,3.4688,0.33166
9388,3.4689,0.33231
9392,3.4689,0.33231
9396,3.469,0.33231
9400,3.469,0.33231
9404,3.469,0.33231
9408,3.469,0.33231
9412,3.4689,0.33231
9416,3.4688,0.33231
9420,3.4688,0.33231
9424,3.4688,0.33231
9428,3.4688,0.33231
9432,3.4689,0.33231
9436,3.469,0.33166
9440,3.4689,0.33166
9444,3.4687,0.33231
9448,3.4689,0.33231
9452,3.469,0.33293
9456,3.469,0.33231
9460,3.469,0.33231
9464,3.469,0.33231
9468,3.4689,0.33231
9472,3.4688,0.33231
9476,3.4689,0.33166
9480,3.4688,0.33231
9484,3.4687,0.33231
9488,3.4688,0.33231
9492,3.4688,0.33231
9496,3.4687,0.33231
9500,3.4687,0.33231
9504,3.4687,0.33231
9508,3.4687,0.33166
9512,3.4688,0.33166
9516,3.4687,0.33231
9520,3.4687,0.33231
9524,3.4689,0.33231
9528,3.4688,0.33293
9532,3.4687,0.33231
9536,3.4687,0.33231
9540,3.4686,0.33231
9544,3.4686,0.33231
9548,3.4687,0.33231
9552,3.4686,0.33231
9556,3.4686,0.33231
9560,3.4686,0.33231
9564,3.4687,0.33198
9568,3.4686,0.33231
9572,3.4687,0.33231
9576,3.4687,0.33231
9580,3.4685,0.33231
9584,3.4686,0.33293
9588,3.4686,0.33231
9592,3.4685,0.33231
9596,3.4684,0.33231
9600,3.4684,0.33231
9604,3.4683,0.33231
9608,3.4685,0.33166
9612,3.4685,0.33231
9616,3.4685,0.33166
9620,3.4686,0.33293
9624,3.4686,0.33231
9628,3.4687,0.33198
9632,3.4688,0.33231
9636,3.4688,0.33231
9640,3.4687,0.33231
9644,3.4688,0.33231
9648,3.4688,0.33166
9652,3.4687,0.33231
9656,3.4687,0.33231
9660,3.4687,0.33231
9664,3.4686,0.33231
9668,3.4688,0.33166
9672,3.4688,0.33104
9676,3.4687,0.33166
9680,3.4688,0.33166
9684,3.4686,0.33231
9688,3.4686,0.33166
9692,3.4685,0.33231
9696,3.4685,0.33166
9700,3.4686,0.33231
9704,3.4687,0.33166
9708,3.4687,0.33198
9712,3.4687,0.33231
9716,3.4688,0.33231
9720,3.4688,0.33231
9724,3.4688,0.33231
9728,3.4688,0.33198
9732,3.4687,0.33231
9736,3.4687,0.33231
9740,3.4687,0.33231
9744,3.4689,0.33166
9748,3.469,0.33231
9752,3.469,0.33166
9756,3.469,0.33166
9760,3.469,0.33231
9764,3.469,0.33231
9768,3.4691,0.33231
9772,3.4693,0.33231
9776,3.4691,0.33166
9780,3.4691,0.33231
9784,3.4693,0.33231
9788,3.4693,0.33166
9792,3.4694,0.33231
9796,3.4692,0.33231
9800,3.4692,0.33231
9804,3.4691,0.33231
9808,3.469,0.33231
9812,3.4691,0.33166
9816,3.469,0.33166
9820,3.4691,0.33166
9824,3.4689,0.33198
9828,3.4689,0.33231
9832,3.4689,0.33231
9836,3.4691,0.33231
9840,3.469,0.33231
9844,3.4689,0.33166
9848,3.469,0.33231
9852,3.469,0.33166
9856,3.469,0.33166
9860,3.469,0.33166
9864,3.4691,0.33166
9868,3.469,0.33166
9872,3.469,0.33166
9876,3.469,0.33166
9880,3.4688,0.33166
9884,3.4689,0.33166
9888,3.4689,0.33231
9892,3.4689,0.33166
9896,3.4689,0.33293
9900,3.4688,0.33231
9904,3.4689,0.33231
9908,3.469,0.33231
9912,3.4689,0.33231
9916,3.4688,0.33166
9920,3.4688,0.33231
9924,3.4689,0.33166
9928,3.4688,0.33166
9932,3.4689,0.33231
9936,3.4687,0.33166
9940,3.4686,0.33231
9944,3.4687,0.33166
9948,3.4687,0.33231
9952,3.4688,0.33166
9956,3.4688,0.33231
9960,3.4687,0.33166
9964,3.4688,0.33166
9968,3.4687,0.33166
9972,3.4686,0.33166
9976,3.4686,0.33166
9980,3.4686,0.33231
9984,3.4686,0.33231
9988,3.4686,0.33231
9992,3.4686,0.33166
9996,3.4687,0.33231
10000,3.4688,0.33166
10004,3.4685,0.33231
10008,3.4687,0.33231
10012,3.4686,0.33166
10016,3.4685,0.33231
10020,3.4686,0.33231
10024,3.4687,0.33166
10028,3.4687,0.33231
10032,3.4686,0.33231
10036,3.4684,0.33166
10040,3.4684,0.33231
10044,3.4684,0.33231
10048,3.4685,0.33231
10052,3.4686,0.33231
10056,3.4686,0.33166
10060,3.4686,0.33231
10064,3.4686,0.33166
10068,3.4687,0.33166
10072,3.4686,0.33166
10076,3.4686,0.33166
10080,3.4687,0.33231
10084,3.4685,0.33231
10088,3.4684,0.33166
10092,3.4685,0.33231
10096,3.4685,0.33166
10100,3.4685,0.33231
10104,3.4687,0.33166
10108,3.4686,0.33231
10112,3.4687,0.33231
10116,3.4688,0.33166
10120,3.4687,0.33231
10124,3.4688,0.33166
10128,3.4688,0.33231
10132,3.4687,0.33231
10136,3.4688,0.33166
10140,3.4689,0.33198
10144,3.4688,0.33166
10148,3.4689,0.33231
10152,3.4689,0.33166
10156,3.4689,0.33231
10160,3.469,0.33166
10164,3.469,0.33166
10168,3.469,0.33231
10172,3.4689,0.33166
10176,3.4691,0.33231
10180,3.4691,0.33166
10184,3.4691,0.33166
10188,3.4692,0.33166
10192,3.4691,0.33166
10196,3.4691,0.33166
10200,3.469,0.33231
10204,3.469,0.33166
10208,3.4691,0.33231
10212,3.469,0.33231
10216,3.469,0.33166
10220,3.4689,0.33231
10224,3.469,0.33166
10228,3.469,0.33166
10232,3.4689,0.33166
10236,3.4691,0.33166
10240,3.4691,0.33166
10244,3.4691,0.33231
10248,3.469,0.33166
10252,3.469,0.33231
10256,3.469,0.33166
10260,3.469,0.33231
10264,3.4689,0.33231
10268,3.4689,0.33231
10272,3.4691,0.33166
10276,3.469,0.33166
10280,3.469,0.33166
10284,3.469,0.33166
10288,3.4689,0.33231
10292,3.4688,0.33166
10296,3.4687,0.33231
10300,3.4687,0.33231
10304,3.4687,0.33231
10308,3.4687,0.33231
10312,3.4687,0.33166
10316,3.4688,0.33166
10320,3.4689,0.33166
10324,3.4688,0.33166
10328,3.4688,0.33166
10332,3.4689,0.33231
10336,3.4688,0.33166
10340,3.4686,0.33231
10344,3.4686,0.33166
10348,3.4685,0.33166
10352,3.4685,0.33166
10356,3.4687,0.33166
10360,3.4689,0.33231
10364,3.4689,0.33166
10368,3.4688,0.33231
10372,3.4689,0.33166
10376,3.4686,0.33231
10380,3.4686,0.33231
10384,3.4686,0.33231
10388,3.4687,0.33231
10392,3.4687,0.33166
10396,3.4687,0.33166
10400,3.4688,0.33231
10404,3.4688,0.33166
10408,3.4687,0.33231
10412,3.4687,0.33166
10416,3.4685,0.33231
10420,3.4686,0.33166
10424,3.4685,0.33198
10428,3.4685,0.33166
10432,3.4686,0.33231
10436,3.4686,0.33166
10440,3.4686,0.33166
10444,3.4687,0.33231
10448,3.4687,0.33166
10452,3.4687,0.33231
10456,3.4685,0.33166
10460,3.4685,0.33231
10464,3.4685,0.33166
10468,3.4686,0.33231
10472,3.4686,0.33166
10476,3.4685,0.33231
10480,3.4685,0.33166
10484,3.4685,0.33166
10488,3.4687,0.33231
10492,3.4687,0.33231
10496,3.4685,0.33231
10500,3.4686,0.33166
10504,3.4687,0.33166
10508,3.4685,0.33166
10512,3.4686,0.33231
10516,3.4686,0.33231
10520,3.4686,0.33231
10524,3.4687,0.33231
10528,3.4687,0.33231
10532,3.4687,0.33166
10536,3.4686,0.33166
10540,3.4686,0.33231
10544,3.4688,0.33166
10548,3.469,0.33231
10552,3.469,0.33166
10556,3.4689,0.33231
10560,3.469,0.33166
10564,3.469,0.33231
10568,3.4688,0.33166
10572,3.4689,0.33231
10576,3.4689,0.33166
10580,3.4689,0.33166
10584,3.4691,0.33166
10588,3.469,0.33231
10592,3.4689,0.33166
10596,3.4691,0.33166
10600,3.469,0.33166
10604,3.4689,0.33166
10608,3.469,0.33231
10612,3.4691,0.33231
10616,3.4692,0.33166
10620,3.4693,0.33231
10624,3.4691,0.33166
10628,3.469,0.33231
10632,3.4689,0.33231
10636,3.469,0.33166
10640,3.469,0.33166
10644,3.4691,0.33166
10648,3.469,0.33166
10652,3.469,0.33166
10656,3.4691,0.33166
10660,3.469,0.33231
10664,3.4689,0.33231
10668,3.4689,0.33166
10672,3.4689,0.33166
10676,3.4689,0.33166
10680,3.4689,0.33231
10684,3.4689,0.33231
10688,3.4689,0.33198
10692,3.469,0.33231
10696,3.4691,0.33166
10700,3.4691,0.33166
10704,3.469,0.33231
10708,3.469,0.33198
10712,3.4688,0.33231
10716,3.4688,0.33231
10720,3.4689,0.33231
10724,3.469,0.33231
10728,3.469,0.33166
10732,3.4689,0.33231
10736,3.4688,0.33231
10740,3.4686,0.33166
10744,3.4685,0.33231
10748,3.4686,0.33231
10752,3.4687,0.33231
10756,3.4687,0.33166
10760,3.4686,0.33166
10764,3.4687,0.33231
10768,3.4686,0.33166
10772,3.4685,0.33166
10776,3.4686,0.33231
10780,3.4686,0.33166
10784,3.4685,0.33231
10788,3.4686,0.33231
10792,3.4688,0.33231
10796,3.4687,0.33166
10800,3.4687,0.33231
10804,3.4687,0.33166
10808,3.4686,0.33231
10812,3.4685,0.33198
10816,3.4685,0.33231
10820,3.4685,0.33166
10824,3.4686,0.33198
10828,3.4686,0.33231
10832,3.4685,0.33231
10836,3.4684,0.33198
10840,3.4685,0.33231
10844,3.4685,0.33231
10848,3.4684,0.33231
10852,3.4684,0.33231
10856,3.4685,0.33166
10860,3.4685,0.33231
10864,3.4686,0.33231
10868,3.4685,0.33231
10872,3.4685,0.33231
10876,3.4686,0.33231
10880,3.4684,0.33231
10884,3.4684,0.33166
10888,3.4684,0.33231
10892,3.4684,0.33166
10896,3.4685,0.33231
10900,3.4686,0.33231
10904,3.4687,0.33231
10908,3.4686,0.33231
10912,3.4687,0.33231
10916,3.4686,0.33231
10920,3.4684,0.33231
10924,3.4686,0.33231
10928,3.4688,0.33231
10932,3.4687,0.33166
10936,3.4687,0.33231
10940,3.4686,0.33231
10944,3.4685,0.33231
10948,3.4686,0.33231
10952,3.4685,0.33198
10956,3.4686,0.33231
10960,3.4687,0.33231
10964,3.4688,0.33231
10968,3.4687,0.33231
10972,3.4687,0.33166
10976,3.4688,0.33231
10980,3.4689,0.33231
10984,3.469,0.33231
10988,3.469,0.33231
10992,3.469,0.33231
10996,3.4689,0.33231
11000,3.4691,0.33166
11004,3.4692,0.33231
11008,3.4691,0.33231
11012,3.469,0.33231
11016,3.469,0.33231
11020,3.469,0.33231
11024,3.4689,0.33231
11028,3.4689,0.33231
11032,3.4688,0.33231
11036,3.4689,0.33231
11040,3.469,0.33231
11044,3.4689,0.33231
11048,3.4688,0.33166
11052,3.4688,0.33231
11056,3.469,0.33198
11060,3.469,0.33231
11064,3.469,0.33231
11068,3.4691,0.33231
11072,3.469,0.33231
11076,3.4691,0.33166
11080,3.469,0.33231
11084,3.4689,0.33231
11088,3.4688,0.33262
11092,3.469,0.33231
11096,3.469,0.33231
11100,3.469,0.33231
11104,3.4689,0.33293
11108,3.4689,0.33231
11112,3.4688,0.33231
11116,3.4688,0.33231
11120,3.4688,0.33231
11124,3.4688,0.33231
11128,3.4687,0.33231
11132,3.4687,0.33293
11136,3.4687,0.33231
11140,3.4686,0.33231
11144,3.4686,0.33231
11148,3.4687,0.33231
11152,3.469,0.33231
11156,3.4689,0.33231
11160,3.4687,0.33231
11164,3.4686,0.33293
11168,3.4686,0.33231
11172,3.4685,0.33231
11176,3.4686,0.33231
11180,3.4687,0.33231
11184,3.4686,0.33293
11188,3.4685,0.33231
11192,3.4685,0.33262
11196,3.4686,0.33231
11200,3.4688,0.33231
11204,3.4687,0.33231
11208,3.4686,0.33231
11212,3.4688,0.33231
11216,3.4689,0.33293
11220,3.4688,0.33231
11224,3.4688,0.33231
11228,3.4686,0.33231
11232,3.4687,0.33231
11236,3.4688,0.33231
11240,3.4688,0.33231
11244,3.4687,0.33231
11248,3.4686,0.33293
11252,3.4687,0.33231
11256,3.4688,0.33293
11260,3.4688,0.33231
11264,3.4687,0.33231
11268,3.4687,0.33293
11272,3.4687,0.33293
11276,3.4687,0.33293
11280,3.4686,0.33293
11284,3.4686,0.33293
11288,3.4687,0.33293
11292,3.4687,0.33231
11296,3.4686,0.33231
11300,3.4685,0.33293
11304,3.4686,0.33231
11308,3.4686,0.33293
11312,3.4686,0.33293
11316,3.4686,0.33231
11320,3.4686,0.33231
11324,3.4686,0.33293
11328,3.4684,0.33231
11332,3.4684,0.33231
11336,3.4684,0.33293
11340,3.4683,0.33231
11344,3.4684,0.33293
11348,3.4686,0.33293
11352,3.4686,0.33231
11356,3.4685,0.33231
11360,3.4687,0.33356
11364,3.4689,0.33293
11368,3.4689,0.33293
11372,3.4688,0.33231
11376,3.4689,0.33166
11380,3.4689,0.33231
11384,3.4688,0.33231
11388,3.4687,0.33293
11392,3.4688,0.33293
11396,3.4687,0.33231
11400,3.4687,0.33231
11404,3.4688,0.33293
11408,3.4688,0.33293
11412,3.4688,0.33231
11416,3.4687,0.33293
11420,3.4687,0.33231
11424,3.4686,0.33293
11428,3.4689,0.33231
11432,3.4689,0.33231
11436,3.4689,0.33293
11440,3.4689,0.33293
11444,3.4689,0.33231
11448,3.4689,0.33293
11452,3.4689,0.33293
11456,3.4689,0.33231
11460,3.4689,0.33293
11464,3.469,0.33231
11468,3.4689,0.33293
11472,3.4689,0.33293
11476,3.469,0.33231
11480,3.4691,0.33293
11484,3.4692,0.33293
11488,3.4691,0.33231
11492,3.4692,0.33293
11496,3.4692,0.33293
11500,3.4692,0.33293
11504,3.4691,0.33293
11508,3.4689,0.33231
11512,3.4689,0.33231
11516,3.4689,0.33231
11520,3.4689,0.33231
11524,3.469,0.33231
11528,3.469,0.33293
11532,3.4689,0.33231
11536,3.4691,0.33293
11540,3.4691,0.33231
11544,3.469,0.33293
11548,3.4688,0.33293
11552,3.4689,0.33231
11556,3.4689,0.33293
11560,3.4689,0.33231
11564,3.469,0.33293
11568,3.4689,0.33231
11572,3.4691,0.33293
11576,3.4691,0.33231
11580,3.4689,0.33293
11584,3.4688,0.33231
11588,3.4689,0.33293
11592,3.4688,0.33231
11596,3.4687,0.33231
11600,3.4687,0.33231
11604,3.4688,0.33231
11608,3.4689,0.33325
11612,3.4688,0.33231
11616,3.4688,0.33293
11620,3.4689,0.33231
11624,3.4689,0.33293
11628,3.4688,0.33231
11632,3.4689,0.33293
11636,3.4687,0.33231
11640,3.4687,0.33293
11644,3.4688,0.33166
11648,3.4688,0.33293
11652,3.4687,0.33231
11656,3.4687,0.33231
11660,3.4687,0.33293
11664,3.4688,0.33293
11668,3.4688,0.33293
11672,3.4687,0.33293
11676,3.4687,0.33293
11680,3.4686,0.33231
11684,3.4687,0.33231
11688,3.4686,0.33293
11692,3.4686,0.33293
11696,3.4687,0.33293
11700,3.4685,0.33293
11704,3.4685,0.33293
11708,3.4686,0.33293
11712,3.4686,0.33293
11716,3.4687,0.33231
11720,3.4686,0.33231
11724,3.4685,0.33293
11728,3.4685,0.33293
11732,3.4686,0.33293
11736,3.4685,0.33293
11740,3.4683,0.33293
11744,3.4686,0.33293
11748,3.4686,0.33293
11752,3.4686,0.33293
11756,3.4686,0.33293
11760,3.4685,0.33293
11764,3.4684,0.33293
11768,3.4685,0.33356
11772,3.4686,0.33356
11776,3.4686,0.33231
11780,3.4685,0.33293
11784,3.4684,0.33293
11788,3.4684,0.33293
11792,3.4685,0.33293
11796,3.4686,0.33293
11800,3.4685,0.33293
11804,3.4685,0.33293
11808,3.4685,0.33356
11812,3.4686,0.33293
11816,3.4687,0.33293
11820,3.4687,0.33293
11824,3.4685,0.33356
11828,3.4687,0.33293
11832,3.4687,0.33293
11836,3.4687,0.33293
11840,3.4689,0.33293
11844,3.4688,0.33293
11848,3.4687,0.33293
11852,3.4686,0.33293
11856,3.4686,0.33356
11860,3.4687,0.33293
11864,3.469,0.33231
11868,3.4689,0.33356
11872,3.4688,0.33293
11876,3.4689,0.33293
11880,3.469,0.33293
11884,3.469,0.33293
11888,3.469,0.33231
11892,3.4689,0.33293
11896,3.4691,0.33293
11900,3.4691,0.33293
11904,3.4691,0.33356
11908,3.469,0.33325
11912,3.4691,0.33356
11916,3.4691,0.33293
11920,3.4691,0.33293
11924,3.4692,0.33293
11928,3.4693,0.33356
11932,3.4692,0.33231
11936,3.4692,0.33293
11940,3.4692,0.33293
11944,3.4691,0.33293
11948,3.4691,0.33356
11952,3.469,0.33356
11956,3.469,0.33356
11960,3.4691,0.33356
11964,3.4691,0.33293
11968,3.469,0.33293
11972,3.469,0.33356
11976,3.4691,0.33293
11980,3.4691,0.33356
11984,3.4691,0.33293
11988,3.469,0.33356
11992,3.469,0.33356
11996,3.469,0.33356
12000,3.4691,0.33356
12004,3.4689,0.33356
12008,3.4689,0.33356
12012,3.4689,0.33293
12016,3.4688,0.33356
12020,3.4688,0.33356
12024,3.4687,0.33356
12028,3.4688,0.33293
12032,3.4689,0.33356
12036,3.4687,0.33356
12040,3.4687,0.33356
12044,3.4688,0.33293
12048,3.4688,0.33293
12052,3.4688,0.33356
12056,3.4688,0.33356
12060,3.4687,0.33356
12064,3.4687,0.33293
12068,3.4687,0.33356
12072,3.4689,0.33293
12076,3.4687,0.33293
12080,3.4687,0.33356
12084,3.4688,0.33293
12088,3.4688,0.33356
12092,3.4686,0.33293
12096,3.4686,0.33356
12100,3.4687,0.33293
12104,3.4688,0.33356
12108,3.4688,0.33356
12112,3.4687,0.33293
12116,3.4687,0.33356
12120,3.4686,0.33293
12124,3.4685,0.33356
12128,3.4683,0.33356
12132,3.4685,0.33356
12136,3.4686,0.33356
12140,3.4686,0.33356
12144,3.4686,
12148,3.4684,
12152,3.4685,
12156,3.4686,
12160,3.4687,
12164,3.4685,
12168,3.4686,
12172,3.4686,
12176,3.4686,
12180,3.4686,
12184,3.4686,
12188,3.4686,
12192,3.4685,
12196,3.4686,
12200,3.4686,
12204,3.4688,
12208,3.4687,
12212,3.4686,
12216,3.4686,
12220,3.4687,
12224,3.4688,
12228,3.4687,
12232,3.4688,
12236,3.4688,
12240,3.4689,
12244,3.4688,
12248,3.4688,
12252,3.4687,
12256,3.4687,
12260,3.4688,
12264,3.4688,
12268,3.4687,
12272,3.4687,
12276,3.4688,
12280,3.4689,
12284,3.469,
12288,3.4691,
12292,3.469,
12296,3.4689,
12300,3.469,
12304,3.4688,
12308,3.4689,
12312,3.469,
12316,3.469,
12320,3.469,
12324,3.4689,
12328,3.4688,
12332,3.4689,
12336,3.4689,
12340,3.469,
12344,3.4689,
12348,3.4691,
12352,3.4689,
12356,3.4689,
12360,3.4688,
12364,3.4688,
12368,3.4688,
12372,3.4689,
12376,3.4688,
12380,3.4688,
12384,3.4688,
12388,3.4688,
12392,3.4688,
12396,3.4689,
12400,3.4689,
12404,3.4689,
12408,3.469,
12412,3.469,
12416,3.4689,
12420,3.4688,
12424,3.4687,
12428,3.4688,
12432,3.4689,
12436,3.4687,
12440,3.4686,
12444,3.4686,
12448,3.4687,
12452,3.4687,
12456,3.4687,
12460,3.4686,
12464,3.4686,
12468,3.4687,
12472,3.4688,
12476,3.4688,
12480,3.4688,
12484,3.4687,
12488,3.4688,
12492,3.4688,
12496,3.4687,
12500,3.4687,
12504,3.4687,
12508,3.4686,
12512,3.4687,
12516,3.4688,
12520,3.4687,
12524,3.4687,
12528,3.4688,
12532,3.4687,
12536,3.4687,
12540,3.4687,
12544,3.4687,
12548,3.4687,
12552,3.4686,
12556,3.4685,
12560,3.4684,
12564,3.4684,
12568,3.4685,
12572,3.4686,
12576,3.4687,
12580,3.4686,
12584,3.4686,
12588,3.4687,
12592,3.4686,
12596,3.4687,
12600,3.4687,
12604,3.4686,
12608,3.4686,
12612,3.4685,
12616,3.4685,
12620,3.4686,
12624,3.4687,
12628,3.4686,
12632,3.4687,
12636,3.4687,
12640,3.4687,
12644,3.4685,
12648,3.4687,
12652,3.4687,
12656,3.4687,
12660,3.4689,
12664,3.469,
12668,3.4689,
12672,3.4689,
12676,3.4689,
12680,3.4688,
12684,3.4687,
12688,3.4688,
12692,3.4688,
12696,3.4689,
12700,3.4689,
12704,3.4691,
12708,3.469,
12712,3.4691,
12716,3.4691,
12720,3.469,
12724,3.469,
12728,3.469,
12732,3.4689,
12736,3.4689,
12740,3.4691,
12744,3.4692,
12748,3.4692,
12752,3.469,
12756,3.469,
12760,3.4691,
12764,3.469,
12768,3.469,
12772,3.469,
12776,3.4688,0.33483
12780,3.4688,0.33483
12784,3.4688,0.33483
12788,3.4687,0.33483
12792,3.4687,0.33579
12796,3.4687,0.33483
12800,3.4689,0.33483
12804,3.4688,0.33548
12808,3.4688,0.33483
12812,3.4687,0.33483
12816,3.4688,0.33483
12820,3.4688,0.33548
12824,3.4689,
12828,3.469,
12832,3.469,
12836,3.4688,
12840,3.4688,
12844,3.4688,
12848,3.4687,
12852,3.4689,0.33548
12856,3.4688,0.33483
12860,3.4687,0.33421
12864,3.4688,0.33483
12868,3.4688,0.33548
12872,3.4688,0.33483
12876,3.4689,0.33483
12880,3.4688,0.33548
12884,3.4687,0.33483
12888,3.4687,0.33483
12892,3.4687,0.33483
12896,3.4687,0.33483
12900,3.4688,0.33483
12904,3.4688,0.33548
12908,3.4686,0.33483
12912,3.4686,0.33548
12916,3.4687,0.33548
12920,3.4686,0.33483
12924,3.4684,0.33548
12928,3.4685,0.33548
12932,3.4686,0.33548
12936,3.4685,0.33548
12940,3.4686,0.33548
12944,3.4686,0.33483
12948,3.4686,0.33483
12952,3.4686,0.33483
12956,3.4686,0.33483
12960,3.4685,0.33483
12964,3.4685,0.33483
12968,3.4685,0.33548
12972,3.4686,0.33548
12976,3.4686,0.33548
12980,3.4686,0.33483
12984,3.4686,0.33548
12988,3.4686,0.33548
12992,3.4686,0.33548
12996,3.4687,0.33548
13000,3.4687,0.33548
13004,3.4686,0.33548
13008,3.4687,0.33548
13012,3.4688,0.33548
13016,3.4687,0.33483
13020,3.4686,0.33517
13024,3.4688,0.33611
13028,3.4688,0.33548
13032,3.4688,0.33548
13036,3.469,0.33548
13040,3.469,0.33548
13044,3.469,0.33548
13048,3.4689,0.33548
13052,3.4689,0.33548
13056,3.4688,0.33483
13060,3.4689,0.33548
13064,3.4689,0.33548
13068,3.4688,0.33548
13072,3.469,0.33548
13076,3.469,0.33483
13080,3.469,0.33548
13084,3.469,0.33548
13088,3.4691,0.33548
13092,3.4691,0.33483
13096,3.4692,0.33548
13100,3.469,0.33548
13104,3.469,0.33548
13108,3.4689,0.33483
13112,3.469,0.33611
13116,3.4691,0.33548
13120,3.469,0.33548
13124,3.469,0.33548
13128,3.469,0.33548
13132,3.469,0.33548
13136,3.469,0.33548
13140,3.469,0.33548
13144,3.469,
13148,3.4689,
13152,3.4689,
13156,3.4689,
13160,3.469,
13164,3.469,
13168,3.4689,
13172,3.4688,
13176,3.4689,
13180,3.4688,
13184,3.4688,
13188,3.4689,
13192,3.4689,
13196,3.469,
13200,3.469,0.33517
13204,3.469,0.33611
13208,3.4689,0.33548
13212,3.4688,0.33611
13216,3.4689,0.33611
13220,3.4688,0.33611
13224,3.4687,0.33548
13228,3.4688,0.33611
13232,3.4688,0.33611
13236,3.4688,0.33611
13240,3.4688,0.33611
13244,3.4687,0.33548
13248,3.4687,0.33611
13252,3.4688,0.33611
13256,3.4687,0.33611
13260,3.4689,0.33611
13264,3.4688,0.33611
13268,3.4688,0.33611
13272,3.4687,0.33611
13276,3.4687,0.33611
13280,3.4687,0.33611
13284,3.4686,0.33611
13288,3.4686,0.33548
13292,3.4687,0.33611
13296,3.4687,0.33611
13300,3.4686,0.33611
13304,3.4686,0.33611
13308,3.4686,0.33611
13312,3.4687,0.33611
13316,3.4686,0.33611
13320,3.4686,0.33675
13324,3.4686,0.33611
13328,3.4687,0.33611
13332,3.4685,0.33611
13336,3.4686,0.33611
13340,3.4688,0.33611
13344,3.4688,0.33675
13348,3.4687,0.33611
13352,3.4687,0.33611
13356,3.4686,0.33675
13360,3.4686,0.33611
13364,3.4686,0.33611
13368,3.4686,0.33611
13372,3.4687,0.33611
13376,3.4687,0.33675
13380,3.4688,0.33611
13384,3.469,0.33611
13388,3.4689,0.33675
13392,3.4689,0.33611
13396,3.4691,0.33611
13400,3.469,0.33675
13404,3.4689,0.33611
13408,3.4689,0.33611
13412,3.469,0.33611
13416,3.4689,0.33611
13420,3.4689,0.33548
13424,3.4689,0.33611
13428,3.4689,0.33611
13432,3.4689,0.33675
13436,3.4689,0.33642
13440,3.4689,0.33675
13444,3.4692,0.33675
13448,3.4691,0.33611
13452,3.4691,0.33611
13456,3.4692,0.33611
13460,3.4692,0.33675
13464,3.469,0.33611
13468,3.4691,0.33675
13472,3.4691,0.33611
13476,3.4691,0.33675
13480,3.4692,0.33675
13484,3.4692,0.33611
13488,3.4691,0.33675
13492,3.4692,0.33675
13496,3.4691,0.33675
13500,3.4691,0.33675
13504,3.4691,0.33675
13508,3.4692,0.33642
13512,3.4692,0.33675
13516,3.4691,0.33675
13520,3.469,0.33675
13524,3.469,0.33675
13528,3.4691,0.33675
13532,3.4691,0.33675
13536,3.469,0.33675
13540,3.469,0.33738
13544,3.4689,0.33675
13548,3.4688,0.33675
13552,3.4688,0.33675
13556,3.469,0.33675
13560,3.4689,0.33738
13564,3.4687,0.33675
13568,3.4687,0.33675
13572,3.4687,0.33738
13576,3.4688,0.33675
13580,3.4687,0.33675
13584,3.4687,0.33675
13588,3.4688,0.33738
13592,3.4689,0.33675
13596,3.4688,0.33675
13600,3.4689,0.33675
13604,3.469,0.33738
13608,3.4688,0.33738
13612,3.4688,0.33706
13616,3.4689,0.33611
13620,3.4687,0.33675
13624,3.4687,0.33675
13628,3.4688,0.33738
13632,3.4687,0.33675
13636,3.4686,0.33738
13640,3.4686,0.33675
13644,3.4685,0.33738
13648,3.4684,0.33675
13652,3.4685,0.33738
13656,3.4685,0.33675
13660,3.4686,0.33738
13664,3.4687,0.33738
13668,3.4686,0.33675
13672,3.4687,0.33738
13676,3.4688,0.33738
13680,3.4687,0.33738
13684,3.4687,0.33738
13688,3.4686,0.33738
13692,3.4686,0.33675
13696,3.4686,0.33738
13700,3.4685,0.33675
13704,3.4685,0.33738
13708,3.4685,0.338
13712,3.4687,0.33738
13716,3.4687,0.33738
13720,3.4688,0.33738
13724,3.4688,0.33738
13728,3.4687,0.33738
13732,3.4687,0.33738
13736,3.4688,0.33738
13740,3.4688,0.338
13744,3.4689,0.338
13748,3.4689,0.33738
13752,3.4688,0.338
13756,3.4687,0.33738
13760,3.4687,0.33738
13764,3.4688,0.33738
13768,3.4688,0.33738
13772,3.4687,0.338
13776,3.4688,0.33738
13780,3.4689,0.33738
13784,3.4688,0.338
13788,3.4687,0.33738
13792,3.4686,0.33738
13796,3.4688,0.338
13800,3.4689,0.33738
13804,3.4689,
13808,3.4689,
13812,3.4688,
13816,3.4689,
13820,3.4689,
13824,3.4689,
13828,3.4686,
13832,3.4688,
13836,3.4688,
13840,3.4687,
13844,3.4687,
13848,3.4688,
13852,3.4689,
13856,3.469,
13860,3.469,
13864,3.469,
13868,3.469,
13872,3.4689,
13876,3.4691,
13880,3.4691,
13884,3.469,
13888,3.4689,
13892,3.469,
13896,3.469,
13900,3.4692,
13904,3.4691,
13908,3.4691,
13912,3.4691,
13916,3.4692,
13920,3.4691,
13924,3.4689,
13928,3.4691,
13932,3.4691,
13936,3.469,
13940,3.4689,
13944,3.4688,
13948,3.4688,
13952,3.4687,
13956,3.4687,
13960,3.4687,
13964,3.4688,
13968,3.4686,
13972,3.4686,
13976,3.4688,
13980,3.4689,
13984,3.4688,
13988,3.4688,
13992,3.4687,
13996,3.4686,
14000,3.4687,0.33865
14004,3.4687,0.33865
14008,3.4688,0.33865
14012,3.4689,0.33865
14016,3.4688,0.33865
14020,3.4686,0.33865
14024,3.4686,0.33865
14028,3.4688,0.33928
14032,3.4689,0.33865
14036,3.4689,0.33928
14040,3.4688,0.33865
14044,3.4689,0.33865
14048,3.4688,0.33928
14052,3.4688,0.33865
14056,3.4687,0.33928
14060,3.4688,0.33928
14064,3.4686,0.33928
14068,3.4687,0.33928
